mbid,formula,target
mb-expt-gap-1091,Cu18S11,0.0
mb-expt-gap-2493,LiSb3PbS6,1.6
mb-expt-gap-0625,CaYbInSe4,0.0
mb-expt-gap-1556,Ge0.05Pb0.95Se0.95S0.05,0.29
mb-expt-gap-1553,Ge0.01Te1Pb0.99,0.32
mb-expt-gap-4223,V6PbO11,0.0
mb-expt-gap-0545,Ca2Co9O13,0.0
mb-expt-gap-1829,In3CuSe5,0.6
mb-expt-gap-4016,Tl2O3,2.25
mb-expt-gap-0705,CdCu2GeSe4,1.2
mb-expt-gap-0458,Bi2(BO3)3,0.0
mb-expt-gap-3746,Ta2MoOs,0.0
mb-expt-gap-0730,Ce(HO)3,0.0
mb-expt-gap-0243,Ba2ThCu2Se5,1.75
mb-expt-gap-3673,Sr3Eu(PO4)3,3.99
mb-expt-gap-3950,Ti4O5,0.0
mb-expt-gap-2052,KSnAuS3,2.3
mb-expt-gap-2947,Nd4Ge3Rh4,0.0
mb-expt-gap-1749,In0.005Te1Pb0.995,0.43
mb-expt-gap-1366,Fe2S,0.0
mb-expt-gap-2975,NdInAu,0.0
mb-expt-gap-4174,UCuP2,0.0
mb-expt-gap-4262,Y(CuSi)2,0.0
mb-expt-gap-0718,CdP4PbO12,4.85
mb-expt-gap-0768,Ce3Pd5,0.0
mb-expt-gap-3936,Ti2RePd,0.0
mb-expt-gap-4513,ZnI2,4.53
mb-expt-gap-3211,Rb3Na(MoO4)2,4.84
mb-expt-gap-4010,Tl2Hg3S4,2.05
mb-expt-gap-1404,Ga1.001Sb0.999Te0.003,0.72
mb-expt-gap-0629,CaZn5,0.0
mb-expt-gap-2857,NaSi2Pd3,0.0
mb-expt-gap-4384,Yb5Au4,0.0
mb-expt-gap-2048,KScO3,0.0
mb-expt-gap-4107,Tm5Ti5O17,0.0
mb-expt-gap-0093,Al9Co2,0.0
mb-expt-gap-3051,Pb2O3,1.67
mb-expt-gap-3624,SnHgO3,1.6
mb-expt-gap-3406,ScCoO3,0.0
mb-expt-gap-3099,Pr2InGe2,0.0
mb-expt-gap-2070,KYbSe2,0.0
mb-expt-gap-0913,Cs2Cd0.25Hg5.75S7,1.66
mb-expt-gap-1564,Ge0.1Pb0.9Se0.9S0.1,0.32
mb-expt-gap-2523,LiZn2GaO4,4.0
mb-expt-gap-1355,EuTiClO3,0.0
mb-expt-gap-0645,Cd0.1In0.9Te0.1As0.9,0.69
mb-expt-gap-3400,ScBPd3,0.0
mb-expt-gap-1950,K3Hg,0.0
mb-expt-gap-3743,Ta11(CuO6)5,2.58
mb-expt-gap-1594,Hf(CoSi)2,0.0
mb-expt-gap-0802,CeHSe,0.0
mb-expt-gap-2572,LuScRh2,0.0
mb-expt-gap-2191,LaSi,0.0
mb-expt-gap-3095,Pr2Co12P7,0.0
mb-expt-gap-0406,BaTbMn2O6,0.0
mb-expt-gap-4120,TmGe,0.0
mb-expt-gap-0231,Ba2ScIrO6,0.0
mb-expt-gap-0974,Cs4Ge(PSe3)4,2.0
mb-expt-gap-0508,BiPbClO2,2.45
mb-expt-gap-0777,Ce4Te7,0.5
mb-expt-gap-1729,HoInPt,0.0
mb-expt-gap-0933,Cs2NaCoF6,0.0
mb-expt-gap-2673,Mn2Cu(PO4)3,0.0
mb-expt-gap-0334,Ba6In2NF,0.0
mb-expt-gap-0854,CoMoP2,0.0
mb-expt-gap-1096,Cu2Hg2SF6,0.0
mb-expt-gap-4558,Zr6Al2Ni,0.0
mb-expt-gap-0465,Bi2Mo2Se2O13,3.15
mb-expt-gap-1494,GaSiAgSe4,2.63
mb-expt-gap-2393,Li7Ti7O16,0.0
mb-expt-gap-3958,TiAl,0.0
mb-expt-gap-2877,Nb3(Fe10B3)2,0.0
mb-expt-gap-0492,Bi4Pb7Se13,0.29
mb-expt-gap-0457,Bi1Sb0.15,0.02
mb-expt-gap-1666,HgBr,2.6
mb-expt-gap-3735,SrTl2,0.0
mb-expt-gap-1690,Ho(SiOs)2,0.0
mb-expt-gap-1124,CuBi(PSe3)2,1.2
mb-expt-gap-3238,RbAgF3,0.0
mb-expt-gap-0467,Bi2Pd3S2,0.0
mb-expt-gap-2809,Na7.36Ga7.24Sn4.78Se24,1.5
mb-expt-gap-2135,La3Si1Sb0.33Se7,1.75
mb-expt-gap-3011,Ni3SnN,0.0
mb-expt-gap-4336,YV(BiO4)2,2.09
mb-expt-gap-2252,Li2MgSn,0.0
mb-expt-gap-0513,BiSbTe3,0.19
mb-expt-gap-4213,V3Cu,0.0
mb-expt-gap-0842,Co3W,0.0
mb-expt-gap-0504,BiO,0.0
mb-expt-gap-0116,As2Ir,1.0
mb-expt-gap-3044,PW5O17,0.0
mb-expt-gap-2663,Mn(SbO2)2,2.65
mb-expt-gap-1194,DyBiPd,0.0
mb-expt-gap-3204,Rb3Al3Ge7S20,3.1
mb-expt-gap-0224,Ba2NaCu3S5,0.45
mb-expt-gap-2481,LiMnP2O7,0.0
mb-expt-gap-3098,Pr2HgPb,0.0
mb-expt-gap-0689,Cd4P2I3,2.17
mb-expt-gap-0622,CaTi4O8,0.0
mb-expt-gap-2632,MgCu2SiS4,3.2
mb-expt-gap-3292,RbTa3(TeO6)2,3.88
mb-expt-gap-1324,EuB(SbO4)2,3.46
mb-expt-gap-3487,Sm(NiSn)2,0.0
mb-expt-gap-0149,B6P,3.3
mb-expt-gap-2414,LiBi2(PO4)3,0.0
mb-expt-gap-3284,RbNbSe2O7,4.1
mb-expt-gap-0551,Ca2NiIrO6,0.0
mb-expt-gap-0892,CrIrO6,0.0
mb-expt-gap-3109,Pr4MgRu,0.0
mb-expt-gap-4127,TmMnGe,0.0
mb-expt-gap-1273,Eu(ClO4)3,0.0
mb-expt-gap-0814,CeNbO4,0.0
mb-expt-gap-2405,LiAl2Tc,0.0
mb-expt-gap-1434,Ga1As0.2P0.8,2.2
mb-expt-gap-1424,Ga1.6Cu0.4S2.6,2.45
mb-expt-gap-1425,Ga1.7Cu0.3S2.7,2.55
mb-expt-gap-1492,GaHSeO4,5.51
mb-expt-gap-1720,HoC2,0.0
mb-expt-gap-1365,Fe2O3,2.2
mb-expt-gap-3218,Rb3Tm,0.0
mb-expt-gap-0982,CsAg2AsS3,2.7
mb-expt-gap-3876,TeI4,1.1
mb-expt-gap-1797,In1Ga1Cu1S3.5,1.84
mb-expt-gap-3634,SnTe,0.3
mb-expt-gap-0623,CaTiO2,0.0
mb-expt-gap-4590,ZrRe2,0.0
mb-expt-gap-3885,Th(FeGe)2,0.0
mb-expt-gap-0835,Co1Te1.88,0.2
mb-expt-gap-2515,LiTmSn,0.0
mb-expt-gap-3514,Sm3(Sb7Te12)2,0.0
mb-expt-gap-2622,Mg4Sc3(SiO3)8,0.0
mb-expt-gap-2525,LiZnN,1.91
mb-expt-gap-1168,Dy2Sn5,0.0
mb-expt-gap-0610,CaInPt,0.0
mb-expt-gap-1688,Ho(NiB)2,0.0
mb-expt-gap-2912,Nd(CoGe)2,0.0
mb-expt-gap-0862,Cr(FeSe2)2,0.0
mb-expt-gap-1392,FeRhO3,0.0
mb-expt-gap-1525,Gd6Ge2.5S14,2.2
mb-expt-gap-2599,Mg2RhAu,0.0
mb-expt-gap-2681,Mn2VSi,0.0
mb-expt-gap-2093,La2Ga0.33Sb1S5,1.76
mb-expt-gap-3420,ScSbRh2,0.0
mb-expt-gap-3425,ScTiNbO6,3.58
mb-expt-gap-0691,Cd4Sb3,1.25
mb-expt-gap-1843,InAgO2,4.2
mb-expt-gap-3084,Pr(CoAs)2,0.0
mb-expt-gap-1956,K3Ta2AsS11,2.21
mb-expt-gap-3780,TaW3,0.0
mb-expt-gap-1094,Cu2GeS3,0.53
mb-expt-gap-1592,H7Se2NO6,4.81
mb-expt-gap-3482,Sm(CuS)3,1.82
mb-expt-gap-1540,GdSb,0.0
mb-expt-gap-2994,NdTe2,0.48
mb-expt-gap-1062,CsSmHgSe3,2.37
mb-expt-gap-1072,CsVP2S7,0.0
mb-expt-gap-0119,As2Rh,1.15
mb-expt-gap-2532,Lu2AlTc,0.0
mb-expt-gap-2086,La2.1Bi5.9Pb2S14,1.0
mb-expt-gap-3006,Ni2PO5,0.0
mb-expt-gap-0902,Cs(AsRu)2,0.0
mb-expt-gap-2998,NdZn2Ag,0.0
mb-expt-gap-1687,Ho(MnSn)6,0.0
mb-expt-gap-3542,SmCdHg2,0.0
mb-expt-gap-0624,CaVO2,0.0
mb-expt-gap-2147,La5SmS8,0.0
mb-expt-gap-1166,Dy2O3,5.0
mb-expt-gap-1986,KAgAsS2,2.21
mb-expt-gap-1723,HoCdCu4,0.0
mb-expt-gap-1819,In2HgSe4,0.6
mb-expt-gap-2959,NdAu3,0.0
mb-expt-gap-1516,Gd2ZrS5,1.88
mb-expt-gap-0426,Be2HgTe,0.0
mb-expt-gap-0956,Cs2ZnSn3Se8,2.12
mb-expt-gap-0962,Cs3NaZn2Ge21,0.3
mb-expt-gap-0680,Cd3AgPS6,2.56
mb-expt-gap-2551,Lu5(Si5Ir2)2,0.0
mb-expt-gap-2914,Nd(CrSi)2,0.0
mb-expt-gap-3330,RhSeS,0.7
mb-expt-gap-4271,Y2AlZn,0.0
mb-expt-gap-2154,LaAl4Co,0.0
mb-expt-gap-4567,ZrAlW,0.0
mb-expt-gap-4074,TlSn,0.0
mb-expt-gap-0639,Cd0.04In0.96Te0.04As0.96,0.69
mb-expt-gap-0715,CdIn8Te13,1.02
mb-expt-gap-0522,Ca(Al4Co)2,0.0
mb-expt-gap-3883,Th(Al2Fe)4,0.0
mb-expt-gap-0328,Ba5In4Bi5,0.0
mb-expt-gap-3853,Te0.05Pb1Se0.95,0.26
mb-expt-gap-1469,Ga3SiAg3Se8,2.3
mb-expt-gap-0613,CaMgSn,0.0
mb-expt-gap-1761,In0.3Ga0.7As0.7P0.3,1.67
mb-expt-gap-2754,Na2EuGeSe4,2.0
mb-expt-gap-0043,AgSO4,0.18
mb-expt-gap-0899,CrSb2,0.14
mb-expt-gap-4232,VCu3(PO4)4,0.0
mb-expt-gap-1202,DyInPt2,0.0
mb-expt-gap-2240,Li2Ga2GeS6,3.65
mb-expt-gap-4310,YCoO3,0.0
mb-expt-gap-2198,LaVI5O16,3.58
mb-expt-gap-4402,YbGeRh,0.0
mb-expt-gap-1815,In2FeSe4,1.15
mb-expt-gap-1436,Ga1As0.4P0.6,2.1
mb-expt-gap-0445,Bi0.04Te0.06Pb0.98Se0.98,0.28
mb-expt-gap-3133,PrGe5,0.0
mb-expt-gap-2918,Nd(PRu)2,0.0
mb-expt-gap-3869,Te2Ru,0.25
mb-expt-gap-0151,BH(PbO2)2,3.76
mb-expt-gap-2677,Mn2Nb,0.0
mb-expt-gap-2829,NaCuO,0.0
mb-expt-gap-3096,Pr2Ge2Se7,1.32
mb-expt-gap-1288,Eu(Ni2B)6,0.0
mb-expt-gap-2193,LaSi2Ru,0.0
mb-expt-gap-4538,Zr2Ni12P7,0.0
mb-expt-gap-0232,Ba2ScTaO6,4.19
mb-expt-gap-2501,LiSm3SiS7,2.83
mb-expt-gap-1439,Ga1As0.7P0.3,1.8
mb-expt-gap-3461,Si2Pd9,0.0
mb-expt-gap-1545,GdZn,0.0
mb-expt-gap-0306,Ba4Ga5CuS12,2.82
mb-expt-gap-3893,Th2In,0.0
mb-expt-gap-4583,ZrMo3,0.0
mb-expt-gap-1035,CsLi(B3O5)2,6.89
mb-expt-gap-1098,Cu2O,2.58
mb-expt-gap-1636,HfFe2,0.0
mb-expt-gap-1259,ErNiSn,0.0
mb-expt-gap-3440,Si0.08Ge0.92,0.72
mb-expt-gap-0795,CeBC,0.0
mb-expt-gap-4426,YbTe,1.8
mb-expt-gap-3851,TcSe2,0.88
mb-expt-gap-4099,Tm2ZnGa,0.0
mb-expt-gap-1216,DyZrRu2,0.0
mb-expt-gap-2606,Mg3(B25C4)2,2.7
mb-expt-gap-1472,Ga4SnS7,3.1
mb-expt-gap-2723,MnSb3(PO4)6,0.0
mb-expt-gap-4266,Y(Re2Si)2,0.0
mb-expt-gap-0910,Cs2Al2B2O7,4.13
mb-expt-gap-0267,Ba3Cd(SnS4)2,2.75
mb-expt-gap-2201,LaZnAu2,0.0
mb-expt-gap-1680,HgTeI,1.85
mb-expt-gap-4112,TmAu2,0.0
mb-expt-gap-0446,Bi0.2Sb1.8Te3,0.28
mb-expt-gap-4327,YSbPt,0.16
mb-expt-gap-0895,CrNiP2O9,0.0
mb-expt-gap-0259,Ba3Ag2(SnS4)2,2.37
mb-expt-gap-1473,Ga4SnSe7,2.55
mb-expt-gap-2717,MnO,3.6
mb-expt-gap-3870,Te2W2SeS,0.0
mb-expt-gap-2428,LiCoS2,0.0
mb-expt-gap-4077,TlTeP,0.3
mb-expt-gap-1959,K3Ti2P5S18,1.61
mb-expt-gap-4278,Y2O3,5.6
mb-expt-gap-3758,Ta4FeTe4,0.0
mb-expt-gap-2085,La1Se0.14S1.86,2.5
mb-expt-gap-1081,CsZn4In5Te12,1.61
mb-expt-gap-3963,TiBr2,0.0
mb-expt-gap-0384,BaMn4O7,0.0
mb-expt-gap-2091,La2Fe(SeO)2,0.7
mb-expt-gap-2434,LiCuPO4,0.0
mb-expt-gap-4417,YbSb,1.0
mb-expt-gap-2814,Na9(WO3)16,0.0
mb-expt-gap-3810,Tb3Si,0.0
mb-expt-gap-3748,Ta2Nb3O12,0.0
mb-expt-gap-2259,Li2Nb2(PO4)3,0.0
mb-expt-gap-2159,LaCd2,0.0
mb-expt-gap-0367,BaGa2SiSe6,2.88
mb-expt-gap-3782,Tb(AlC)3,0.0
mb-expt-gap-2579,Mg(As2Rh3)2,0.0
mb-expt-gap-0399,BaS,3.88
mb-expt-gap-2613,Mg3Bi2,0.0
mb-expt-gap-3055,PbN6,2.98
mb-expt-gap-0751,Ce2GeSe5,1.7
mb-expt-gap-0544,Ca2CdPb,0.0
mb-expt-gap-2222,Li2CdGeS4,3.1
mb-expt-gap-0506,BiPO4,3.85
mb-expt-gap-2987,NdSb,0.0
mb-expt-gap-3310,Re3F,0.0
mb-expt-gap-1219,Er(CrSi)2,0.0
mb-expt-gap-1137,CuPO4F,0.0
mb-expt-gap-4236,VGa(TeO4)2,3.0
mb-expt-gap-2502,LiSn(PO3)4,0.0
mb-expt-gap-3983,TiPd,0.0
mb-expt-gap-3265,RbH2(IO3)3,4.07
mb-expt-gap-3227,Rb5(W4O15)2,0.0
mb-expt-gap-0792,CeAsPd,0.0
mb-expt-gap-1561,Ge0.15Pb0.85Se0.85S0.15,0.34
mb-expt-gap-1314,Eu3S4,1.7
mb-expt-gap-1279,Eu(GaTe2)2,1.7
mb-expt-gap-1144,CuSeO3,0.0
mb-expt-gap-1387,FeOF,0.0
mb-expt-gap-3350,SbPb2S2I3,2.0
mb-expt-gap-0581,Ca4Al3O10,0.0
mb-expt-gap-0448,Bi0.4Sb1.6Te3,0.21
mb-expt-gap-3387,Sc5Bi3,0.0
mb-expt-gap-0776,Ce4Si3Rh4,0.0
mb-expt-gap-3212,Rb3Nb2AsSe11,1.5
mb-expt-gap-3630,SnRh,0.0
mb-expt-gap-4083,Tm(FeSi)2,0.0
mb-expt-gap-1148,Dy(CuSi)2,0.0
mb-expt-gap-2783,Na2V6O13,0.0
mb-expt-gap-2115,La2VCoO6,0.41
mb-expt-gap-2528,Lu(InS2)3,1.27
mb-expt-gap-4085,Tm(MnGe)6,0.0
mb-expt-gap-0896,CrO2,0.23
mb-expt-gap-2038,KP(HO2)2,6.95
mb-expt-gap-0159,BSbPbS4,1.8
mb-expt-gap-0838,Co2O3,0.0
mb-expt-gap-4332,YSn3,0.0
mb-expt-gap-2830,NaEuO2,0.0
mb-expt-gap-3654,Sr2HoRuO6,0.0
mb-expt-gap-0221,Ba2InSbSe5,1.92
mb-expt-gap-3802,Tb2Sb5,0.0
mb-expt-gap-2388,Li7(Mo3S4)4,0.0
mb-expt-gap-1453,Ga2Cu1S3.5,2.42
mb-expt-gap-1412,Ga1.02Sb0.98Se0.06,0.63
mb-expt-gap-4405,YbIn4Rh,0.0
mb-expt-gap-3297,RbUAgS3,0.0
mb-expt-gap-0540,Ca11Bi10,0.0
mb-expt-gap-1573,Ge0.3Te1Pb0.7,0.48
mb-expt-gap-3745,Ta2Mn3O8,1.89
mb-expt-gap-2833,NaFe2O3,0.0
mb-expt-gap-2721,MnPSe3,2.5
mb-expt-gap-0538,Ca(TiS2)4,0.0
mb-expt-gap-4128,TmMnO3,0.0
mb-expt-gap-1904,K2Hg(PSe3)2,2.25
mb-expt-gap-4432,Zn(Bi19O29)2,2.88
mb-expt-gap-0097,AlAgS2,3.13
mb-expt-gap-1615,Hf3Zn3N,0.0
mb-expt-gap-3609,Sn2BiSI5,1.32
mb-expt-gap-2183,LaP,0.54
mb-expt-gap-3123,PrBN2,4.0
mb-expt-gap-4251,VZn2BiO6,2.4
mb-expt-gap-2361,Li4Ni2(PO4)3,0.0
mb-expt-gap-3527,Sm4MgRh,0.0
mb-expt-gap-2798,Na3Zn(BO2)5,3.2
mb-expt-gap-1779,In0.9Ga0.1As0.1P0.9,1.32
mb-expt-gap-2993,NdTe,0.0
mb-expt-gap-0767,Ce3NbS3O4,0.0
mb-expt-gap-2179,LaMg(FeO3)2,0.0
mb-expt-gap-3235,RbAg2SbS4,2.3
mb-expt-gap-3256,RbCuPdF5,0.0
mb-expt-gap-1884,K2.15Sb8.15Pb1.7Se15,0.6
mb-expt-gap-4541,Zr3(Al2C3)2,0.0
mb-expt-gap-4459,Zn0.7Ga0.3P0.3Se0.7,2.15
mb-expt-gap-4338,YVTeO10,2.2
mb-expt-gap-3740,SrZnSb2,0.0
mb-expt-gap-0819,CeRh,0.0
mb-expt-gap-3250,RbCd4Ga5Te12,1.64
mb-expt-gap-3247,RbCd13,0.0
mb-expt-gap-1507,Gd1Mn1.95In1.05S5,1.66
mb-expt-gap-2322,Li3MnAs2,0.0
mb-expt-gap-0888,CrFe2Sb,0.0
mb-expt-gap-2880,Nb3CuO8,1.47
mb-expt-gap-3402,ScCd,1.71
mb-expt-gap-0550,Ca2MnAlO5,0.0
mb-expt-gap-3260,RbF,10.4
mb-expt-gap-3287,RbPdF3,0.0
mb-expt-gap-2406,LiAl3,0.0
mb-expt-gap-0162,Ba(AsPd)2,0.0
mb-expt-gap-4273,Y2CuO4,0.0
mb-expt-gap-1018,CsGeB3O7,5.76
mb-expt-gap-3288,RbSbO3,0.0
mb-expt-gap-0553,Ca2PbAu2,0.0
mb-expt-gap-1103,Cu2WSe4,1.65
mb-expt-gap-1890,K2BaNb2S11,1.77
mb-expt-gap-3113,Pr5Si4,0.0
mb-expt-gap-1123,CuBS2,3.61
mb-expt-gap-0662,Cd0.8Hg0.2Se1,0.45
mb-expt-gap-1251,ErCu,0.0
mb-expt-gap-2167,LaGa,0.0
mb-expt-gap-0433,BeGaO3,0.0
mb-expt-gap-3058,Pd16S7,0.0
mb-expt-gap-4343,Yb(AlGa)2,0.0
mb-expt-gap-1456,Ga2GeTe3,0.84
mb-expt-gap-1554,Ge0.02Te0.98Pb0.98S0.02,0.34
mb-expt-gap-0064,Al0.6Ga0.4As1,2.3
mb-expt-gap-1192,DyB6,3.3
mb-expt-gap-1888,K2Au(IO3)5,2.65
mb-expt-gap-2752,Na2Cl,0.0
mb-expt-gap-4462,Zn0.86Hg0.14Te1,1.66
mb-expt-gap-0335,Ba6Sn6Se13,1.52
mb-expt-gap-2351,Li4FeNi3O8,0.0
mb-expt-gap-0037,AgGeO3,0.0
mb-expt-gap-1418,Ga1.1Sb0.9Te0.3,0.7
mb-expt-gap-1388,FeP,0.0
mb-expt-gap-1627,Hf6PbO18,0.0
mb-expt-gap-4344,Yb(AlGe)2,0.0
mb-expt-gap-4057,TlGaS2,3.4
mb-expt-gap-1652,HfVSi,0.0
mb-expt-gap-3429,ScTlTe2,0.85
mb-expt-gap-3647,Sr10Al4Si6O,0.0
mb-expt-gap-2110,La2S3,2.77
mb-expt-gap-2739,Na(GeP)3,2.06
mb-expt-gap-1421,Ga1.5Cu0.5Se2.5,1.76
mb-expt-gap-0722,CdSb2Se3Br2,1.4
mb-expt-gap-4374,Yb2SmS4,0.0
mb-expt-gap-0395,BaPdSe6,2.15
mb-expt-gap-1118,Cu7Hg6,0.0
mb-expt-gap-3602,Sn0.35Te0.35Pb0.65Se0.65,0.09
mb-expt-gap-0353,BaBClF4,6.89
mb-expt-gap-1532,GdCd4B3O10,3.8
mb-expt-gap-1684,Ho(CuSe)3,0.16
mb-expt-gap-0302,Ba4B11O20F,7.1
mb-expt-gap-3892,Th2GeSe2,1.98
mb-expt-gap-1736,HoSi,0.0
mb-expt-gap-2022,KHg11,0.0
mb-expt-gap-0425,Be22Re,0.0
mb-expt-gap-0954,Cs2ZnGe3Se8,2.31
mb-expt-gap-1504,Gd1.05Sc0.95Se3,1.2
mb-expt-gap-1531,GdCd2,0.0
mb-expt-gap-4098,Tm2ZnAg,0.0
mb-expt-gap-0807,CeMg2Ag,0.0
mb-expt-gap-0608,CaIn4Ir,0.0
mb-expt-gap-0350,BaAu(IO3)5,2.32
mb-expt-gap-0274,Ba3FeS4Br,1.65
mb-expt-gap-3484,Sm(ErSe2)3,2.0
mb-expt-gap-1435,Ga1As0.3P0.7,2.16
mb-expt-gap-3775,TaPd3,0.0
mb-expt-gap-3341,Sb3IO4,2.61
mb-expt-gap-1649,HfTc,0.0
mb-expt-gap-3750,Ta2OsW,0.0
mb-expt-gap-1034,CsLaHgSe3,2.46
mb-expt-gap-0443,BeTe,2.89
mb-expt-gap-2849,NaLu(Pd3O4)2,0.0
mb-expt-gap-4138,U(BH4)4,0.0
mb-expt-gap-2215,Li17Ti20O40,0.0
mb-expt-gap-2221,Li2CdGe,0.99
mb-expt-gap-2561,LuCd4B3O10,3.7
mb-expt-gap-2402,Li9Ga13(Te7O22)3,4.45
mb-expt-gap-2931,Nd2O3,4.4
mb-expt-gap-0450,Bi0.6Sb1.4Te3,0.2
mb-expt-gap-1179,Dy4CdRh,0.0
mb-expt-gap-0594,CaCdPd2,0.0
mb-expt-gap-1581,Ge5(Te4As)2,0.0
mb-expt-gap-2066,KV4Ag11O16,2.0
mb-expt-gap-2542,Lu2O3,5.5
mb-expt-gap-3342,Sb4Pb4S11,0.0
mb-expt-gap-0825,CeSiI,0.0
mb-expt-gap-1045,CsNa8(B7O12)3,4.67
mb-expt-gap-1674,HgPt,0.0
mb-expt-gap-1883,K11Mn4O16,0.0
mb-expt-gap-4231,VCo,0.0
mb-expt-gap-0975,Cs4Ge5(PbS4)4,1.95
mb-expt-gap-3932,Ti2MnFe,0.0
mb-expt-gap-3155,PrZn,0.0
mb-expt-gap-3734,SrTh(PS4)2,3.02
mb-expt-gap-1024,CsInHgS3,2.3
mb-expt-gap-0121,As2S5,2.48
mb-expt-gap-4376,Yb2ZnPb,0.0
mb-expt-gap-2327,Li3PS4,3.68
mb-expt-gap-1909,K2In2P3Se10,2.2
mb-expt-gap-4281,Y2S3,2.9
mb-expt-gap-2101,La2Mn(SeO)2,1.6
mb-expt-gap-3572,SmSnPd,0.0
mb-expt-gap-0847,CoAs3,0.4
mb-expt-gap-2150,La8Mn7O24,0.0
mb-expt-gap-2074,La(In2Au)2,0.0
mb-expt-gap-0263,Ba3Bi0.5B1.5S6,2.43
mb-expt-gap-3332,RuCl3,0.0
mb-expt-gap-1308,Eu2TeO2,0.0
mb-expt-gap-2753,Na2Cr7O14,0.0
mb-expt-gap-3347,SbAs,1.6
mb-expt-gap-4186,UO2,2.18
mb-expt-gap-1706,Ho3GaC,0.0
mb-expt-gap-2315,Li3Mn2(CoO4)2,0.0
mb-expt-gap-3730,SrSnO3,4.1
mb-expt-gap-1696,Ho2B4C,0.0
mb-expt-gap-3115,Pr7Mn8O24,0.0
mb-expt-gap-0478,Bi2Te0.9Se2.1,0.28
mb-expt-gap-3593,Sn0.17Te1Pb0.83,0.15
mb-expt-gap-2961,NdBRh3,0.0
mb-expt-gap-0855,CoN,0.0
mb-expt-gap-1225,Er2(Ga3Co)3,0.0
mb-expt-gap-4521,ZnSn3,0.0
mb-expt-gap-2241,Li2GaPd,0.0
mb-expt-gap-2616,Mg3N2,2.8
mb-expt-gap-3563,SmNiAs,0.0
mb-expt-gap-4007,Tl2CdTe4,0.0
mb-expt-gap-3771,TaGaPt,0.0
mb-expt-gap-2805,Na5Gd(MoO4)4,3.38
mb-expt-gap-0635,Cd0.01Hg0.99Se1,1.72
mb-expt-gap-0256,Ba2ZnTe3,2.1
mb-expt-gap-2429,LiCu2(CO3)2,0.0
mb-expt-gap-2477,LiMn9Se10,0.0
mb-expt-gap-3729,SrSiPd,0.0
mb-expt-gap-0897,CrO3,1.4
mb-expt-gap-3361,SbTeRh,0.5
mb-expt-gap-3135,PrIn,0.0
mb-expt-gap-3444,Si0.1Ge0.9,0.8
mb-expt-gap-0461,Bi24BO39,2.91
mb-expt-gap-3114,Pr6Fe13Si,0.0
mb-expt-gap-0597,CaEu2O3,0.0
mb-expt-gap-2452,LiHfPd2,0.0
mb-expt-gap-3658,Sr2MgIrO6,0.0
mb-expt-gap-1341,EuPPt,0.0
mb-expt-gap-3225,Rb4Mo5(PO11)2,3.51
mb-expt-gap-2311,Li3FeTe4O11,1.98
mb-expt-gap-2206,Li0.5Ge1Pb1.75S4,1.95
mb-expt-gap-2228,Li2CuF6,0.0
mb-expt-gap-2720,MnP4,0.28
mb-expt-gap-3463,Si2SbO6,0.0
mb-expt-gap-1185,Dy6FeTe2,0.0
mb-expt-gap-1402,Ga0.9Hg0.1Sb0.9Te0.1,0.65
mb-expt-gap-0212,Ba2GdGaSe5,1.87
mb-expt-gap-0133,AsSI,2.05
mb-expt-gap-2767,Na2LiTa,0.0
mb-expt-gap-3261,RbF3,0.0
mb-expt-gap-2769,Na2Nb4Se4O19,3.56
mb-expt-gap-0321,Ba5(GaSe4)2,2.51
mb-expt-gap-3571,SmSi3Pt5,0.0
mb-expt-gap-0559,Ca2SnS4,2.32
mb-expt-gap-1743,HoZnRh,0.0
mb-expt-gap-1916,K2MnSnSe4,1.7
mb-expt-gap-3551,SmCuSi,0.0
mb-expt-gap-2359,Li4Mn5Ni3O16,0.0
mb-expt-gap-1187,DyAg,0.0
mb-expt-gap-3919,Ti11O18,0.0
mb-expt-gap-0141,B3H2Pb2O7.5,4.42
mb-expt-gap-2920,Nd(SiIr)2,0.0
mb-expt-gap-2550,Lu4C7,0.0
mb-expt-gap-1773,In0.7Ga0.3As0.3P0.7,1.58
mb-expt-gap-2652,MgSiN2,4.05
mb-expt-gap-0727,Ce(CoAs)2,0.0
mb-expt-gap-0011,Ag2P2PbO7,0.0
mb-expt-gap-4474,Zn0.9Ga0.1P0.1S0.9,2.8
mb-expt-gap-1503,Gd(SiRu)2,0.0
mb-expt-gap-4356,Yb(SbS2)2,1.12
mb-expt-gap-2969,NdF3,6.15
mb-expt-gap-1080,CsZn4In5Se12,1.61
mb-expt-gap-0343,Ba8Ta7O24,0.0
mb-expt-gap-3140,PrMgAg2,0.0
mb-expt-gap-4403,YbH2ClO2,0.0
mb-expt-gap-1330,EuCu2SnS4,1.85
mb-expt-gap-0542,Ca2Bi2O5,3.34
mb-expt-gap-2199,LaYbZn2,0.0
mb-expt-gap-2573,LuScRu2,0.0
mb-expt-gap-4202,V2Sb(PO4)3,0.0
mb-expt-gap-2864,NaYb(PS3)2,1.85
mb-expt-gap-3951,Ti4ZnO8,0.0
mb-expt-gap-4580,ZrInPd2,0.0
mb-expt-gap-2683,Mn3Al10,0.0
mb-expt-gap-2111,La2Si5Rh3,0.0
mb-expt-gap-2006,KCoO2,0.0
mb-expt-gap-0934,Cs2NaMgF6,0.0
mb-expt-gap-3908,ThRh2,0.0
mb-expt-gap-2019,KGaSnSe4,1.73
mb-expt-gap-3137,PrIr2,0.0
mb-expt-gap-0239,Ba2SnSe4,1.9
mb-expt-gap-1850,InCuGeSe4,1.3
mb-expt-gap-2555,LuAg2,0.0
mb-expt-gap-2145,La5Cu6.33S7O4,2.0
mb-expt-gap-4488,Zn3(PS4)2,3.07
mb-expt-gap-0742,Ce2(SbPd3)3,0.0
mb-expt-gap-1131,CuF,0.0
mb-expt-gap-1331,EuCu9Sn4,0.0
mb-expt-gap-2461,LiInSn,0.0
mb-expt-gap-0688,Cd4P2Cl3,2.17
mb-expt-gap-2033,KNb2O5,0.0
mb-expt-gap-0692,Cd5Ga2(Te3S)2,1.29
mb-expt-gap-4027,Tl3Pb,0.0
mb-expt-gap-3724,SrRhF6,0.0
mb-expt-gap-3384,Sc3GaC,0.0
mb-expt-gap-2845,NaIrPb,0.0
mb-expt-gap-1945,K3Bi2I9,2.1
mb-expt-gap-4294,Y4GaSbS9,2.06
mb-expt-gap-3028,P2O5,0.0
mb-expt-gap-1039,CsMg149,0.0
mb-expt-gap-2232,Li2Fe3CoO8,0.0
mb-expt-gap-4167,U6Co,0.0
mb-expt-gap-1591,H2Se,0.0
mb-expt-gap-0729,Ce(CuSb)2,0.0
mb-expt-gap-3586,Sn0.08Pb0.92Se1,0.06
mb-expt-gap-3304,RbZrPSe6,2.0
mb-expt-gap-1466,Ga2SnGeS6,2.04
mb-expt-gap-1303,Eu2O3,4.5
mb-expt-gap-3823,TbGa2Co3,0.0
mb-expt-gap-0516,BiSeO3F,3.83
mb-expt-gap-3296,RbU2SbS8,0.0
mb-expt-gap-4240,VNi2,0.0
mb-expt-gap-0699,CdAuO2,0.0
mb-expt-gap-0348,BaAl4Se7,3.4
mb-expt-gap-0183,Ba2CaOsO6,0.0
mb-expt-gap-3789,Tb(GeRh)2,0.0
mb-expt-gap-0468,Bi2Pt,0.0
mb-expt-gap-1014,CsGaSnSe4,1.97
mb-expt-gap-1682,Ho(BiO3)2,0.0
mb-expt-gap-1896,K2Ce(PO4)2,2.46
mb-expt-gap-1067,CsTbZnTe3,2.12
mb-expt-gap-0873,Cr2SbTe,0.0
mb-expt-gap-1614,Hf3Sb,0.0
mb-expt-gap-0477,Bi2Te0.6Se2.4,0.28
mb-expt-gap-2545,Lu2TlCu3Se5,2.12
mb-expt-gap-4545,Zr3Hg,0.0
mb-expt-gap-3138,PrLuIn2,0.0
mb-expt-gap-3652,Sr2GaCo2O7,0.0
mb-expt-gap-2670,Mn2AlO4,0.0
mb-expt-gap-0554,Ca2ScSbO6,3.68
mb-expt-gap-1169,Dy2Te3,0.69
mb-expt-gap-3861,Te2Mo(WS2)3,0.0
mb-expt-gap-2971,NdGa2Ni,0.0
mb-expt-gap-3614,Sn3Ir2Se3,0.43
mb-expt-gap-1754,In0.07Te1Pb0.93,0.32
mb-expt-gap-3192,Rb2Sn3(SbS5)2,2.33
mb-expt-gap-3198,Rb2Ti(CuS2)2,2.19
mb-expt-gap-0894,CrNiAs,0.0
mb-expt-gap-4586,ZrNiSn,0.0
mb-expt-gap-0560,Ca2Ti9O13,0.0
mb-expt-gap-1625,Hf5Sn4,0.0
mb-expt-gap-3577,Sn(PO3)3,0.0
mb-expt-gap-3846,TbZn2,0.0
mb-expt-gap-2229,Li2DyIn,0.0
mb-expt-gap-3966,TiCoSb,0.95
mb-expt-gap-4076,TlTe,0.0
mb-expt-gap-3845,TbYbRh2,0.0
mb-expt-gap-1960,K3UF3,0.0
mb-expt-gap-4022,Tl2TeI6,1.47
mb-expt-gap-1703,Ho2Pd2Pb,0.0
mb-expt-gap-3336,Sb2Os,0.2
mb-expt-gap-1782,In1.05Cu0.95Se2.05,1.07
mb-expt-gap-0976,Cs4In8GeSe16,2.2
mb-expt-gap-4234,VFeRu2,0.0
mb-expt-gap-1526,Gd6Ta4Al43,0.0
mb-expt-gap-3862,Te2Mo2WSe4,0.0
mb-expt-gap-3674,Sr3Ge(SbSe4)2,0.75
mb-expt-gap-4195,V2(OF)3,0.0
mb-expt-gap-2824,NaCdAsS3,2.93
mb-expt-gap-1724,HoCo3,0.0
mb-expt-gap-1885,K2Ag3Sb3S7,2.2
mb-expt-gap-0122,AsAu3,0.0
mb-expt-gap-3940,Ti2TcNi,0.0
mb-expt-gap-3191,Rb2Sn2Hg3S8,2.48
mb-expt-gap-3995,TiZn3,0.0
mb-expt-gap-0305,Ba4Ga5AgS12,2.52
mb-expt-gap-4553,Zr5Sb3,0.0
mb-expt-gap-2065,KV2I3O13,2.3
mb-expt-gap-0886,CrCoPt2,0.0
mb-expt-gap-0047,Al0.01Cd0.99Sb0.01Te0.99,1.6
mb-expt-gap-2290,Li3(CuO)4,0.0
mb-expt-gap-2678,Mn2OF3,0.0
mb-expt-gap-0089,Al6Fe,0.0
mb-expt-gap-3014,Ni7(P2O7)4,0.0
mb-expt-gap-0286,Ba3Nb2Se9,1.3
mb-expt-gap-4325,YNi4B,0.0
mb-expt-gap-0817,CePd5,0.0
mb-expt-gap-2913,Nd(CoSi)2,0.0
mb-expt-gap-3601,Sn0.2Te1Pb0.8,0.08
mb-expt-gap-3774,TaNiB2,0.0
mb-expt-gap-1272,Eu(CdSb)2,0.0
mb-expt-gap-3391,Sc6NiTe2,0.0
mb-expt-gap-1991,KAu(IO3)4,2.75
mb-expt-gap-0575,Ca3Sb2,1.4
mb-expt-gap-1381,FeBi25O39,2.8
mb-expt-gap-1616,Hf4Al3,0.0
mb-expt-gap-3264,RbGeB3O7,5.58
mb-expt-gap-1003,CsCu(SbS2)2,1.7
mb-expt-gap-2954,NdAgAs2,0.0
mb-expt-gap-3598,Sn0.28Te0.28Pb0.72Se0.72,0.12
mb-expt-gap-2851,NaNi2O3,0.0
mb-expt-gap-2714,MnNbO4,0.0
mb-expt-gap-1825,In3AgTe5,0.68
mb-expt-gap-0096,AlAgO2,3.6
mb-expt-gap-3826,TbHg2,0.0
mb-expt-gap-3441,Si0.109Ge0.891,1.13
mb-expt-gap-3097,Pr2GeSe5,1.8
mb-expt-gap-4084,Tm(GeRu)2,0.0
mb-expt-gap-3275,RbLiCO3,6.28
mb-expt-gap-0303,Ba4Ga4GeSe12,2.18
mb-expt-gap-3306,Re2PbO6,0.0
mb-expt-gap-3636,Sr(CeSe2)2,0.0
mb-expt-gap-3877,TeMoSe,0.0
mb-expt-gap-0971,Cs4Ag9(SbS3)4,2.0
mb-expt-gap-0869,Cr2HgSe4,0.0
mb-expt-gap-3800,Tb2In16Pt7,0.0
mb-expt-gap-1171,Dy2TlCd,0.0
mb-expt-gap-0898,CrPbO4,2.25
mb-expt-gap-2009,KCu4AsS4,1.9
mb-expt-gap-3872,Te4Mo(WS)2,0.0
mb-expt-gap-1445,Ga1Sb0.25As0.75,0.65
mb-expt-gap-2243,Li2HgGeS4,2.46
mb-expt-gap-2645,MgRh2Pb,0.0
mb-expt-gap-2089,La2B4Rh5,0.0
mb-expt-gap-0922,Cs2Ga2S5,3.26
mb-expt-gap-2328,Li3ScN2,2.9
mb-expt-gap-0525,Ca(BIr)2,0.0
mb-expt-gap-2018,KGaSe2,2.6
mb-expt-gap-1715,Ho5Si4,0.0
mb-expt-gap-0329,Ba5In4Te4S7,2.13
mb-expt-gap-4058,TlGaSe2,1.65
mb-expt-gap-4519,ZnSiAs2,2.12
mb-expt-gap-0663,Cd0.8In2.1Ag0.1Te4,0.29
mb-expt-gap-0558,Ca2Sn2F3,0.0
mb-expt-gap-1189,DyAgHg2,0.0
mb-expt-gap-1395,Ga0.001Te1Pb0.999,0.3
mb-expt-gap-0650,Cd0.2In2.4Ag0.4Te4,0.42
mb-expt-gap-3937,Ti2ReRh,0.0
mb-expt-gap-2443,LiGaAu2,0.0
mb-expt-gap-0001,Ag(AuS)2,0.0
mb-expt-gap-1230,Er2MnC4,0.0
mb-expt-gap-1382,FeCo2Si,0.0
mb-expt-gap-0074,Al13Ru4,0.0
mb-expt-gap-0138,B2Mo(PbO2)6,2.9
mb-expt-gap-1827,In3Bi7(Pb2S9)2,0.0
mb-expt-gap-3519,Sm3OsO7,0.0
mb-expt-gap-1343,EuRhO3,0.0
mb-expt-gap-2078,La(SiOs)2,0.0
mb-expt-gap-4246,VPt2,0.0
mb-expt-gap-0912,Cs2Cd(PSe3)2,2.63
mb-expt-gap-3960,TiAsRh,0.0
mb-expt-gap-1548,Ge(SeO3)2,5.27
mb-expt-gap-0939,Cs2Pt(IO3)6,2.4
mb-expt-gap-4056,TlFeI3,0.0
mb-expt-gap-1898,K2FeGe3Se8,1.95
mb-expt-gap-1258,ErNi4B,0.0
mb-expt-gap-1139,CuPd,0.0
mb-expt-gap-3509,Sm2Te3,0.7
mb-expt-gap-1582,GeAs3,0.0
mb-expt-gap-4373,Yb2O3,5.22
mb-expt-gap-2823,NaCd4P3,1.1
mb-expt-gap-2940,Nd3AlC,0.0
mb-expt-gap-3834,TbP,0.0
mb-expt-gap-1495,GaSiRu2,0.0
mb-expt-gap-2941,Nd3Ge5,0.0
mb-expt-gap-4448,Zn0.3Ga0.7P0.7S0.3,2.3
mb-expt-gap-4382,Yb4Sb2S11.25,1.71
mb-expt-gap-3424,ScTa2NO5,2.67
mb-expt-gap-3483,Sm(CuTe)3,0.23
mb-expt-gap-4340,YZn5,0.0
mb-expt-gap-2648,MgSbPt,0.0
mb-expt-gap-3224,Rb4Ge3B6O17,5.42
mb-expt-gap-0277,Ba3Ho2(PS4)4,3.3
mb-expt-gap-0823,CeSi2Ni,0.0
mb-expt-gap-1788,In1.6Ga0.4Cu1S3.5,1.55
mb-expt-gap-2202,Li(CuO)3,0.0
mb-expt-gap-1685,Ho(CuTe)3,0.26
mb-expt-gap-3715,SrMgSnSe4,2.0
mb-expt-gap-1851,InCuS2,1.5
mb-expt-gap-2781,Na2Tl,0.0
mb-expt-gap-2543,Lu2TlAg,0.0
mb-expt-gap-2509,LiTi11O20,0.0
mb-expt-gap-3263,RbGe3,0.0
mb-expt-gap-2856,NaSc(SeO3)2,5.5
mb-expt-gap-2656,MgTi4O6,0.0
mb-expt-gap-1848,InBi2S4Cl,1.5
mb-expt-gap-3809,Tb3ReO7,0.0
mb-expt-gap-0319,Ba4Yb(CuO3)3,0.0
mb-expt-gap-3358,SbSeBr,1.84
mb-expt-gap-1781,In1.01Cu0.99Se2.01,1.08
mb-expt-gap-4269,Y(SiRu)2,0.0
mb-expt-gap-4437,Zn0.01Ga0.99As0.99Se0.01,1.39
mb-expt-gap-0366,BaGa2SiS6,3.75
mb-expt-gap-2382,Li6FeNi9O20,0.0
mb-expt-gap-0066,Al0.6In0.4P1,2.3
mb-expt-gap-0411,BaTi4O7,0.0
mb-expt-gap-1648,HfSiPt,0.0
mb-expt-gap-0240,Ba2SnSe5,1.8
mb-expt-gap-1908,K2Ho4Cu4S9,2.43
mb-expt-gap-3068,Pm2IrRh,0.0
mb-expt-gap-0747,Ce2Cu(NO)2,0.0
mb-expt-gap-1023,CsInGeSe4,2.32
mb-expt-gap-0337,Ba7B3O9F5,4.94
mb-expt-gap-3526,Sm4InSbS9,2.13
mb-expt-gap-0374,BaGe4(RhSe3)2,1.09
mb-expt-gap-3116,Pr9(SbO)5,0.0
mb-expt-gap-4205,V2Zn3TeO10,2.96
mb-expt-gap-1483,GaAgTe2,1.1
mb-expt-gap-0905,Cs1.13Cd1.13Bi2.87Se6,1.0
mb-expt-gap-2415,LiBi3(ClO2)2,3.35
mb-expt-gap-3549,SmCuSe2,2.1
mb-expt-gap-1796,In1Ag1.75Sb5.75Se11,0.94
mb-expt-gap-2463,LiInTe2,1.46
mb-expt-gap-3374,Sc2GaAg,0.0
mb-expt-gap-0463,Bi2CO5,3.42
mb-expt-gap-0362,BaCuTeF,2.3
mb-expt-gap-2377,Li5Mn5(SbO6)2,0.0
mb-expt-gap-0480,Bi2Te1.5Se1.5,0.29
mb-expt-gap-4100,Tm2ZnHg,0.0
mb-expt-gap-3817,TbBRh3,0.0
mb-expt-gap-2510,LiTi3O6,0.0
mb-expt-gap-1872,K(FeAs)2,0.0
mb-expt-gap-2547,Lu3Ga,0.0
mb-expt-gap-0270,Ba3Dy2(PS4)4,3.28
mb-expt-gap-1231,Er2O3,5.42
mb-expt-gap-2465,LiLu2Ga,0.0
mb-expt-gap-0502,BiClO,3.46
mb-expt-gap-3107,Pr3I,0.0
mb-expt-gap-3165,Rb28(Mg3In17)3,0.0
mb-expt-gap-1011,CsGa(SnSe3)2,1.87
mb-expt-gap-0222,Ba2LaIrO6,0.0
mb-expt-gap-0577,Ca3Sn2S7,0.0
mb-expt-gap-0858,CoP3,0.45
mb-expt-gap-2791,Na3MoClO4,4.69
mb-expt-gap-3216,Rb3Sm,0.0
mb-expt-gap-1981,KAg2,0.0
mb-expt-gap-4024,Tl3AsSe3,1.3
mb-expt-gap-3323,Rh0.67Se2,0.7
mb-expt-gap-3183,Rb2Na2IrO4,0.0
mb-expt-gap-0935,Cs2NaMnF6,0.0
mb-expt-gap-2375,Li5Mn2Cu5O12,0.0
mb-expt-gap-0405,BaTaNO2,1.78
mb-expt-gap-0996,CsCd4Ga5Te12,1.67
mb-expt-gap-0949,Cs2Th(PS3)3,2.8
mb-expt-gap-2000,KBiSe2,0.61
mb-expt-gap-2276,Li2TeWO6,4.0
mb-expt-gap-3816,TbB(SbO4)2,3.53
mb-expt-gap-0916,Cs2Cd3(B4O7)4,4.76
mb-expt-gap-1294,Eu(ZnGe)2,0.0
mb-expt-gap-3460,Si2NiP3,0.0
mb-expt-gap-1260,ErPbAu,0.0
mb-expt-gap-1745,ICl2,0.0
mb-expt-gap-3798,Tb2EuSe4,2.0
mb-expt-gap-0666,Cd0.9Hg0.1Se1,0.35
mb-expt-gap-4140,U(CrC)4,0.0
mb-expt-gap-3804,Tb2Ti3Ge4,0.0
mb-expt-gap-4053,TlCr5SeS7,0.97
mb-expt-gap-1471,Ga4PbS7,3.08
mb-expt-gap-2780,Na2Ti3O7,3.51
mb-expt-gap-4131,TmScHg2,0.0
mb-expt-gap-2575,LuSi2Ni,0.0
mb-expt-gap-1025,CsInI3,0.0
mb-expt-gap-2804,Na5Fe6(SiO3)12,0.0
mb-expt-gap-0024,Ag9Ge2IO8,0.0
mb-expt-gap-1410,Ga1.01Sb0.99Se0.03,0.62
mb-expt-gap-3687,Sr6Nb7O21,0.0
mb-expt-gap-1053,CsRb2Sb,1.5
mb-expt-gap-3871,Te3MoWS,0.0
mb-expt-gap-2667,Mn0.1Te1Pb0.9,0.49
mb-expt-gap-0441,BeSiRu2,0.0
mb-expt-gap-1157,Dy2(GePt3)3,0.0
mb-expt-gap-4257,Y(Al2Cu)4,0.0
mb-expt-gap-4456,Zn0.75Cd0.25Se1,3.2
mb-expt-gap-3120,PrAu,0.0
mb-expt-gap-3081,PmSnRh2,0.0
mb-expt-gap-4498,Zn8Ag5,0.0
mb-expt-gap-1378,FeAs2O7,0.0
mb-expt-gap-1300,Eu2CuO4,0.0
mb-expt-gap-2638,MgInAg2,0.0
mb-expt-gap-1609,Hf2Tl,0.0
mb-expt-gap-1867,IrPb,0.0
mb-expt-gap-2506,LiTaO3,4.1
mb-expt-gap-4152,U2MnN3,0.0
mb-expt-gap-3056,PbSeO4,4.3
mb-expt-gap-2424,LiCdBO3,4.28
mb-expt-gap-3064,PdS2,0.75
mb-expt-gap-1295,Eu(ZnSi)2,0.0
mb-expt-gap-0178,Ba23Ga8(SbS19)2,2.84
mb-expt-gap-1742,HoTlPd,0.0
mb-expt-gap-3741,SrZr2Nb,0.0
mb-expt-gap-2316,Li3Mn2(PO4)3,0.0
mb-expt-gap-1490,GaFeNi2,0.0
mb-expt-gap-3545,SmCoC2,0.0
mb-expt-gap-1952,K3NaSn3Se8,2.2
mb-expt-gap-1830,In3Pd5,0.0
mb-expt-gap-2433,LiCuO2,0.0
mb-expt-gap-4323,YMoO4F,3.78
mb-expt-gap-0241,Ba2TaInO6,4.17
mb-expt-gap-1994,KBaB5O9,3.65
mb-expt-gap-2903,NbOsPb,0.0
mb-expt-gap-3151,PrTaN2O,2.0
mb-expt-gap-0760,Ce3Al,0.0
mb-expt-gap-1766,In0.4Ga0.6As1,0.81
mb-expt-gap-3709,SrIn4Pt,0.0
mb-expt-gap-2801,Na4Mg(GeSe3)2,2.53
mb-expt-gap-1182,Dy4Te3S4,1.43
mb-expt-gap-2996,NdTlAg2,0.0
mb-expt-gap-3569,SmSb2,0.0
mb-expt-gap-1783,In1.1Cu0.9Se2.1,1.06
mb-expt-gap-4419,YbSe,1.5
mb-expt-gap-2617,Mg3P2,1.4
mb-expt-gap-2283,Li2V3FeO8,0.0
mb-expt-gap-0593,CaB6,4.5
mb-expt-gap-4522,ZnSnO3,3.9
mb-expt-gap-1481,GaAgGeS4,3.0
mb-expt-gap-2727,MnSi,0.6
mb-expt-gap-1748,In0.001Te1Pb0.999,0.3
mb-expt-gap-4113,TmB2C,0.0
mb-expt-gap-3925,Ti2BRh6,0.0
mb-expt-gap-3844,TbYbHg2,0.0
mb-expt-gap-2892,Nb5OF14,0.0
mb-expt-gap-1150,Dy(GeRu)2,0.0
mb-expt-gap-4125,TmMgAg2,0.0
mb-expt-gap-0090,Al6Ru,0.0
mb-expt-gap-1891,K2Cd(PSe3)2,2.58
mb-expt-gap-0927,Cs2Hg6S7,1.63
mb-expt-gap-0109,AlFe4(CuO4)3,0.0
mb-expt-gap-3313,ReBiO3,0.0
mb-expt-gap-0021,Ag8GeS6,1.18
mb-expt-gap-4253,W2C,0.0
mb-expt-gap-0978,Cs5Bi(PSe3)4,1.85
mb-expt-gap-4314,YH2,0.0
mb-expt-gap-2661,Mn(CoO2)4,0.0
mb-expt-gap-1370,Fe4H15(IO8)3,2.3
mb-expt-gap-2722,MnS,0.0
mb-expt-gap-1020,CsH3(SeO3)2,4.77
mb-expt-gap-1283,Eu(InSe2)2,1.31
mb-expt-gap-2438,LiF,11.7
mb-expt-gap-0369,BaGa4Se7,2.64
mb-expt-gap-3700,SrCdSi,0.0
mb-expt-gap-1664,Hg7.5As4Cl6,1.73
mb-expt-gap-2526,LiZr2Os,0.0
mb-expt-gap-1287,Eu(MnGe)2,0.0
mb-expt-gap-3348,SbOsS,1.2
mb-expt-gap-3537,SmB6,3.5
mb-expt-gap-3196,Rb2TeI6,1.4
mb-expt-gap-2123,La3(ReO5)2,0.0
mb-expt-gap-3731,SrSnP,0.0
mb-expt-gap-0486,Bi2Te2Se,0.3
mb-expt-gap-0115,AlVCo2,0.0
mb-expt-gap-2813,Na8PO3,0.0
mb-expt-gap-3221,Rb4CuSi2O7,0.0
mb-expt-gap-1881,K10Sn3(PSe3)8,1.82
mb-expt-gap-1576,Ge2Os,0.0
mb-expt-gap-3377,Sc2S3,2.0
mb-expt-gap-2227,Li2Cu2S3,0.0
mb-expt-gap-4020,Tl2Te3As2Se,0.67
mb-expt-gap-3666,Sr2YBi2O7,0.0
mb-expt-gap-1758,In0.2Ga0.8As0.8P0.2,1.58
mb-expt-gap-2286,Li2ZnGeSe4,1.86
mb-expt-gap-4603,ZrTiF6,0.0
mb-expt-gap-0806,CeLu3,0.0
mb-expt-gap-2430,LiCu2Ge,0.0
mb-expt-gap-3566,SmPbAu,0.0
mb-expt-gap-0398,BaReH9,3.44
mb-expt-gap-2374,Li5La3Nb14O42,0.0
mb-expt-gap-2715,MnNi,0.0
mb-expt-gap-1152,Dy12C6I17,0.0
mb-expt-gap-1611,Hf3(NiGe)4,0.0
mb-expt-gap-3091,Pr1Te1.9,1.0
mb-expt-gap-0659,Cd0.6Hg0.4Se1,0.7
mb-expt-gap-3546,SmCrGe3,0.0
mb-expt-gap-4383,Yb4Sb3,0.0
mb-expt-gap-0772,Ce4(GeS4)3,2.3
mb-expt-gap-1437,Ga1As0.5P0.5,2.0
mb-expt-gap-4250,VTeHO5,2.51
mb-expt-gap-4302,YB2Rh2C,0.0
mb-expt-gap-0131,AsS,2.4
mb-expt-gap-2956,NdAl4Ge2Au,0.0
mb-expt-gap-2603,Mg2TiIrO6,0.0
mb-expt-gap-2614,Mg3Ga7Co2,0.0
mb-expt-gap-3917,Ti(Bi3O5)4,3.09
mb-expt-gap-0868,Cr2HO4,0.0
mb-expt-gap-4331,YSiRu,0.0
mb-expt-gap-3540,SmBiW2O9,3.39
mb-expt-gap-2704,MnCu3,0.0
mb-expt-gap-2203,Li(NiO2)4,0.0
mb-expt-gap-4005,Tl2.35Sb8.65Se14,0.6
mb-expt-gap-1489,GaFe3,0.0
mb-expt-gap-2212,Li15(FeO4)4,0.0
mb-expt-gap-4115,TmBRh3,0.0
mb-expt-gap-3939,Ti2Sb(PO4)3,0.0
mb-expt-gap-0637,Cd0.02In0.98Te0.02As0.98,0.73
mb-expt-gap-1488,GaCuO2,1.47
mb-expt-gap-3524,Sm4GaSbS9,2.23
mb-expt-gap-1562,Ge0.15Te0.15Pb0.85Se0.85,0.32
mb-expt-gap-1090,Cu15Si4,0.0
mb-expt-gap-1541,GdSbPd,0.0
mb-expt-gap-2521,LiYbPb,0.0
mb-expt-gap-2560,LuC2,0.0
mb-expt-gap-0016,Ag5IO6,1.4
mb-expt-gap-4508,ZnCu2SnTe4,1.39
mb-expt-gap-4408,YbMn2O5,0.0
mb-expt-gap-3188,Rb2PS5,2.3
mb-expt-gap-3408,ScCu2,0.0
mb-expt-gap-2133,La3NiBr3,0.0
mb-expt-gap-2540,Lu2Mn12P7,0.0
mb-expt-gap-1044,CsNa2Sb,0.8
mb-expt-gap-1312,Eu3Bi4S9,1.18
mb-expt-gap-0058,Al0.3In0.7P1,1.9
mb-expt-gap-3926,Ti2Be17,0.0
mb-expt-gap-0333,Ba6Ga2SnSe11,1.99
mb-expt-gap-3007,Ni2Te3O8,3.84
mb-expt-gap-3703,SrGe2,0.9
mb-expt-gap-4073,TlSbTe3,0.38
mb-expt-gap-4342,Yb(Al2Mo)2,0.0
mb-expt-gap-2257,Li2MnO2F,0.0
mb-expt-gap-3410,ScGa2,0.0
mb-expt-gap-2901,NbHO3,0.0
mb-expt-gap-0213,Ba2GdGaTe5,1.12
mb-expt-gap-1419,Ga1.2Cu0.8Se2.2,1.58
mb-expt-gap-0257,Ba3(AlGe)2,0.0
mb-expt-gap-3054,Pb3Se2(BrO3)2,3.73
mb-expt-gap-3427,ScTlS2,1.51
mb-expt-gap-1433,Ga1As0.01P0.99,2.23
mb-expt-gap-1416,Ga1.1Cu0.9Se2.1,1.59
mb-expt-gap-0765,Ce3MnAlS7,0.0
mb-expt-gap-1637,HfGaCo2,0.0
mb-expt-gap-2737,Mo5O14,0.0
mb-expt-gap-1769,In0.5Ga0.5As1,0.75
mb-expt-gap-0753,Ce2S3,1.12
mb-expt-gap-1695,Ho2Au,0.0
mb-expt-gap-1822,In2S3,2.0
mb-expt-gap-1345,EuSb4S7,0.98
mb-expt-gap-4560,Zr6O,0.18
mb-expt-gap-4153,U2Re2C3,0.0
mb-expt-gap-1367,Fe3B,0.0
mb-expt-gap-1255,ErLu3,0.0
mb-expt-gap-0785,Ce9SmO20,0.0
mb-expt-gap-0947,Cs2TeBr6,2.12
mb-expt-gap-1963,K4Ag9(SbS3)4,2.0
mb-expt-gap-3282,RbNb3(TeO6)2,3.49
mb-expt-gap-2802,Na4Mg(SiSe3)2,2.85
mb-expt-gap-3419,ScSbPd,0.23
mb-expt-gap-3981,TiOs3,0.0
mb-expt-gap-1679,HgTeBr,2.06
mb-expt-gap-1935,K2Te,1.9
mb-expt-gap-4442,Zn0.15Ga0.85As0.85Se0.15,1.47
mb-expt-gap-2549,Lu3TlC,0.0
mb-expt-gap-0681,Cd3Bi(PO4)3,3.9
mb-expt-gap-0880,Cr7C3,0.0
mb-expt-gap-0600,CaGa3Ni2,0.0
mb-expt-gap-1297,Eu1.83Ta15O32,0.23
mb-expt-gap-2758,Na2Ge2Se5,2.38
mb-expt-gap-1725,HoCu4Pd,0.0
mb-expt-gap-2642,MgNiSb,0.0
mb-expt-gap-1982,KAg2AsS3,2.25
mb-expt-gap-1704,Ho2S3,0.5
mb-expt-gap-3266,RbH3(SeO3)2,4.84
mb-expt-gap-4091,Tm2Ga10Os3,0.0
mb-expt-gap-3599,Sn0.2Pb0.8Se1,0.06
mb-expt-gap-0739,Ce10Se14O,1.93
mb-expt-gap-2083,La10Si8O3,0.0
mb-expt-gap-2619,Mg3Ru2,0.0
mb-expt-gap-0697,CdAg2GeS4,2.32
mb-expt-gap-2520,LiYbF4,0.0
mb-expt-gap-2696,Mn7O7F,0.0
mb-expt-gap-0920,Cs2Cu2Sb2S5,1.6
mb-expt-gap-0918,Cs2CrCl4,0.0
mb-expt-gap-1617,Hf4Co4Si7,0.0
mb-expt-gap-0779,Ce5CuSe8,0.0
mb-expt-gap-0009,Ag2HgI4,2.47
mb-expt-gap-3553,SmHg3,0.0
mb-expt-gap-4528,Zr1.33Ta0.67N1.63O1.89,2.48
mb-expt-gap-0578,Ca3Ti2(SiO4)3,1.65
mb-expt-gap-4165,U4S3,0.0
mb-expt-gap-2707,MnFeCoGe,0.0
mb-expt-gap-4468,Zn0.99Ga0.01As0.01Se0.99,2.59
mb-expt-gap-1105,Cu3(P2O7)2,0.0
mb-expt-gap-1912,K2La2Sb2S9,2.2
mb-expt-gap-3686,Sr5V3O12F,4.5
mb-expt-gap-1943,K3(FeS2)2,0.0
mb-expt-gap-0570,Ca3Cu2(ClO2)2,0.0
mb-expt-gap-4579,ZrInCu2,0.0
mb-expt-gap-3762,Ta6Ni16Ge7,0.0
mb-expt-gap-2978,NdMg2,0.0
mb-expt-gap-4324,YN,1.9
mb-expt-gap-4503,ZnCu2GeS4,2.1
mb-expt-gap-3508,Sm2Se3,2.3
mb-expt-gap-1813,In2Co,0.0
mb-expt-gap-0123,AsBr3,2.6
mb-expt-gap-4535,Zr2CuS4,0.0
mb-expt-gap-2177,LaIn5Ir,0.0
mb-expt-gap-3228,Rb5(WO3)18,0.0
mb-expt-gap-2088,La20Mo12Cl4O63,2.4
mb-expt-gap-2152,LaAl12O19,0.0
mb-expt-gap-1007,CsEr9(Cd2Se9)2,2.09
mb-expt-gap-3620,SnAs3,0.0
mb-expt-gap-2137,La3ZrSb5,0.0
mb-expt-gap-4577,ZrHg4(AsCl3)2,2.48
mb-expt-gap-2565,LuHfRu2,0.0
mb-expt-gap-0396,BaPrO3,2.0
mb-expt-gap-2966,NdCuTeO,2.26
mb-expt-gap-1958,K3Th2Cu3S7,2.49
mb-expt-gap-2207,Li11Mn13O32,0.0
mb-expt-gap-3813,Tb5Ti5O17,0.0
mb-expt-gap-4188,UP2S9,1.41
mb-expt-gap-0634,Cd0.01Ga0.99Sb0.99Te0.01,0.72
mb-expt-gap-4584,ZrNiGe,0.0
mb-expt-gap-0067,Al0.75Ga0.25As1,2.42
mb-expt-gap-2624,Mg5B3O9F,5.63
mb-expt-gap-3928,Ti2Cd,0.0
mb-expt-gap-2740,Na0.5Ge1Pb1.75S4,2.08
mb-expt-gap-1349,EuSe,3.1
mb-expt-gap-1451,Ga1Sb0.99As0.01,1.37
mb-expt-gap-0473,Bi2Te0.1Se2.9,0.78
mb-expt-gap-2153,LaAl4,0.0
mb-expt-gap-3531,SmAg,0.0
mb-expt-gap-4263,Y(CuTe)3,0.72
mb-expt-gap-3464,Si3N4,5.1
mb-expt-gap-1017,CsGe5BO12,4.89
mb-expt-gap-4418,YbSb4Te7,0.22
mb-expt-gap-0568,Ca3BiAs,0.0
mb-expt-gap-3175,Rb2Cu2Sb2S5,1.6
mb-expt-gap-4117,TmCoSi2,0.0
mb-expt-gap-4096,Tm2O3,4.53
mb-expt-gap-2355,Li4Mn3Cr3O12,0.0
mb-expt-gap-3596,Sn0.25Pb0.75Se1,0.04
mb-expt-gap-2420,LiCa2Mg,0.0
mb-expt-gap-3016,NiAsO3,0.0
mb-expt-gap-3152,PrTl2InSe4,0.93
mb-expt-gap-4102,Tm3(GePd)4,0.0
mb-expt-gap-2090,La2CuO4,0.0
mb-expt-gap-0721,CdRhF6,0.0
mb-expt-gap-1318,Eu3Sn,0.0
mb-expt-gap-1999,KBiS2,0.86
mb-expt-gap-4369,Yb2HgPb,0.0
mb-expt-gap-2258,Li2Mo2Se2O11,3.3
mb-expt-gap-2079,La(SiRu)2,0.0
mb-expt-gap-3473,SiSb,1.9
mb-expt-gap-3367,Sc11(AlGe4)2,0.0
mb-expt-gap-0455,Bi12PO20,3.25
mb-expt-gap-1498,Gd(CuS)3,1.62
mb-expt-gap-4000,Tl0.005Te1Pb0.995,0.48
mb-expt-gap-3240,RbBa2(PO3)5,7.6
mb-expt-gap-1961,K3V,0.0
mb-expt-gap-1049,CsPPbO4,4.39
mb-expt-gap-0452,Bi1.6Sb0.4Te3,0.16
mb-expt-gap-2517,LiV3O4,0.0
mb-expt-gap-4424,YbSnRh,0.0
mb-expt-gap-4222,V6AgO15,0.0
mb-expt-gap-2818,NaBi3,0.0
mb-expt-gap-1334,EuF3,0.0
mb-expt-gap-0549,Ca2Mn9O13,0.0
mb-expt-gap-3416,ScPPt,0.0
mb-expt-gap-0997,CsCd4In5Se12,1.62
mb-expt-gap-3838,TbSe2,0.0
mb-expt-gap-2906,NbSe2,1.4
mb-expt-gap-2194,LaSn3Ru,0.0
mb-expt-gap-4399,YbCuSi,0.0
mb-expt-gap-3178,Rb2GeB4O9,5.54
mb-expt-gap-4598,ZrSi2,0.0
mb-expt-gap-0879,Cr4Cu3Te8,0.0
mb-expt-gap-4531,Zr1.86Cu1S4,1.26
mb-expt-gap-2986,NdRh,0.0
mb-expt-gap-3365,Sc(TiN)9,0.0
mb-expt-gap-2929,Nd2IrPd,0.0
mb-expt-gap-1988,KAgO,0.0
mb-expt-gap-0948,Cs2TeI6,1.5
mb-expt-gap-2658,MgV4O6,0.0
mb-expt-gap-1241,Er5Si3,0.0
mb-expt-gap-0005,Ag2BBr,0.0
mb-expt-gap-0524,Ca(BC)2,0.0
mb-expt-gap-3517,Sm3AlN,0.0
mb-expt-gap-4466,Zn0.94Hg0.06Te1,2.03
mb-expt-gap-1794,In11.3Bi14.7S38,1.45
mb-expt-gap-0627,CaZn3,0.0
mb-expt-gap-3112,Pr5In11Ni6,0.0
mb-expt-gap-4151,U2Cu2As3O,0.0
mb-expt-gap-0437,BePd3,0.0
mb-expt-gap-3864,Te2MoWS2,0.0
mb-expt-gap-1978,K8Ce2I18O53,2.34
mb-expt-gap-0805,CeIr5,0.0
mb-expt-gap-4170,UAlNi4,0.0
mb-expt-gap-3268,RbHgSbTe3,0.2
mb-expt-gap-3439,Si0.07Ge0.93,1.04
mb-expt-gap-1099,Cu2OF2,0.0
mb-expt-gap-3986,TiS3,0.9
mb-expt-gap-3239,RbB5(H2O3)4,0.0
mb-expt-gap-3181,Rb2Mo3Se3O16,3.1
mb-expt-gap-3345,Sb6Pb6Se17,0.8
mb-expt-gap-4063,TlInHgS3,1.74
mb-expt-gap-0371,BaGe3Pt,0.0
mb-expt-gap-4576,ZrHCl,0.0
mb-expt-gap-4412,YbPO4,0.0
mb-expt-gap-1138,CuPS3,2.2
mb-expt-gap-2762,Na2In2GeS6,3.17
mb-expt-gap-3108,Pr4InSbSe9,1.89
mb-expt-gap-1252,ErCuPb,0.0
mb-expt-gap-3638,Sr(GaAu)2,0.0
mb-expt-gap-4491,Zn3Cu,0.0
mb-expt-gap-1270,Eu(BiSe2)2,1.02
mb-expt-gap-3523,Sm4Al23Ni6,0.0
mb-expt-gap-1869,IrSe2,0.9
mb-expt-gap-3776,TaPt3,0.0
mb-expt-gap-1031,CsIr,0.0
mb-expt-gap-0317,Ba4Si3Se9Cl2,1.76
mb-expt-gap-3126,PrCo4B,0.0
mb-expt-gap-0981,Cs6.4Na1.6Ga8Ge38,0.22
mb-expt-gap-1902,K2Ge2PbS6,2.85
mb-expt-gap-0871,Cr2O3,3.4
mb-expt-gap-0421,BaZnGeSe4,2.46
mb-expt-gap-1948,K3Ga3Ge7S20,3.25
mb-expt-gap-1198,DyFeSi,0.0
mb-expt-gap-3993,TiTlSe2,0.56
mb-expt-gap-0245,Ba2V2Te2O11,3.16
mb-expt-gap-3300,RbWO3,0.0
mb-expt-gap-2837,NaIn(IO3)4,4.25
mb-expt-gap-3254,RbCu2SbS3,1.67
mb-expt-gap-1264,ErSnAu,0.0
mb-expt-gap-0349,BaAlCu4O7,0.0
mb-expt-gap-0117,As2O3,4.0
mb-expt-gap-1860,InSb2Se4Br,1.35
mb-expt-gap-0541,Ca11Ga7,0.0
mb-expt-gap-1454,Ga2CuSe4,0.63
mb-expt-gap-2134,La3Si1Sb0.33S7,1.92
mb-expt-gap-4578,ZrHg4(PCl3)2,3.22
mb-expt-gap-3935,Ti2OsRu,0.0
mb-expt-gap-2577,LuU2S3O2,0.0
mb-expt-gap-0414,BaTl3,0.0
mb-expt-gap-4562,Zr7P4,0.0
mb-expt-gap-1852,InFe2CuSe4,0.0
mb-expt-gap-1050,CsPSe4,2.44
mb-expt-gap-0906,Cs1.43Cd1.43Bi2.57S6,1.28
mb-expt-gap-3222,Rb4Ga4Si19,1.18
mb-expt-gap-2497,LiScHg2,0.0
mb-expt-gap-4446,Zn0.2Ga0.8Sb0.8Te0.2,1.15
mb-expt-gap-2235,Li2FeGeS4,1.42
mb-expt-gap-3801,Tb2O3,3.0
mb-expt-gap-3943,Ti3Be,0.0
mb-expt-gap-3503,Sm2O3,5.0
mb-expt-gap-0004,Ag0.5Ge1Pb1.75Se4,1.51
mb-expt-gap-0720,CdPt,0.0
mb-expt-gap-1823,In2Se2O7,2.97
mb-expt-gap-2640,MgMnO3,0.0
mb-expt-gap-2204,Li0.33Ag1Sn0.67O2,2.7
mb-expt-gap-0665,Cd0.99Hg0.01Se1,0.29
mb-expt-gap-0672,Cd1Se0.45S0.55,2.05
mb-expt-gap-1657,Hg3Bi2(SCl4)2,3.26
mb-expt-gap-3830,TbMn5Ge3,0.0
mb-expt-gap-0656,Cd0.5Hg0.5Se1,0.8
mb-expt-gap-0318,Ba4Sm2Cu2O9,0.0
mb-expt-gap-0330,Ba5Sb3,0.0
mb-expt-gap-2055,KTa3CuO9,0.0
mb-expt-gap-1501,Gd(InS2)3,1.13
mb-expt-gap-4489,Zn3.5Ga1Sn0.5O6,2.99
mb-expt-gap-1710,Ho3P,0.0
mb-expt-gap-2369,Li5Co2Ni3O10,0.0
mb-expt-gap-1121,Cu9S5,0.0
mb-expt-gap-3841,TbTl,0.0
mb-expt-gap-1290,Eu(POs)2,0.0
mb-expt-gap-1877,K1.46Sn3.09Bi7.45Se15,0.39
mb-expt-gap-3119,PrAs,1.0
mb-expt-gap-3314,ReCl4,0.0
mb-expt-gap-0669,Cd1Se0.01S0.99,2.4
mb-expt-gap-1849,InBi2Se4Br,1.21
mb-expt-gap-3952,Ti5(B6O13)2,0.0
mb-expt-gap-0574,Ca3PbN,0.0
mb-expt-gap-0430,BeAlB,0.0
mb-expt-gap-3038,POsS,1.4
mb-expt-gap-1730,HoMg2,0.0
mb-expt-gap-3230,Rb5Li6(BO2)11,6.53
mb-expt-gap-1770,In0.5Ga0.5P1,1.9
mb-expt-gap-0203,Ba2Ga8SiS16,3.4
mb-expt-gap-1631,HfAsRh,0.0
mb-expt-gap-2958,NdAs,1.04
mb-expt-gap-2790,Na3Mn2(GeO4)3,0.0
mb-expt-gap-3451,Si0.6Ge0.4,0.94
mb-expt-gap-3902,ThFe2SiC,0.0
mb-expt-gap-0539,Ca10Ge16(B2O17)3,5.47
mb-expt-gap-2057,KTbSe4,1.65
mb-expt-gap-3701,SrCrO4,2.45
mb-expt-gap-1310,Eu3As2,0.6
mb-expt-gap-2485,LiNb3(BiO3)4,3.0
mb-expt-gap-2682,Mn3(OF3)2,0.0
mb-expt-gap-1493,GaP,2.74
mb-expt-gap-2607,Mg3(MnAl9)2,0.0
mb-expt-gap-2025,KInGeS4,3.1
mb-expt-gap-1477,Ga8Cu3Mo2,0.0
mb-expt-gap-1892,K2Cd2Te3,1.93
mb-expt-gap-2127,La3GaCuSe7,1.36
mb-expt-gap-0596,CaCu5,0.0
mb-expt-gap-0289,Ba3Sb2S7,2.4
mb-expt-gap-3185,Rb2NaVF6,0.0
mb-expt-gap-2602,Mg2TcO4,0.0
mb-expt-gap-3790,Tb(InS2)3,1.2
mb-expt-gap-2919,Nd(Re2Si)2,0.0
mb-expt-gap-0357,BaCaSn3,0.0
mb-expt-gap-2698,MnAlAu2,0.0
mb-expt-gap-3479,Sm(BOs)2,0.0
mb-expt-gap-2028,KInSnS4,2.3
mb-expt-gap-3386,Sc4Ge6Rh7,0.0
mb-expt-gap-0527,Ca(CoGe)2,0.0
mb-expt-gap-3671,Sr3Bi(PO4)3,4.0
mb-expt-gap-1669,HgCl2,4.45
mb-expt-gap-0752,Ce2S2O,0.0
mb-expt-gap-2598,Mg2PdAu,0.0
mb-expt-gap-1859,InSb2S4Cl,1.8
mb-expt-gap-3488,Sm(SiAg)2,0.0
mb-expt-gap-1141,CuSbPbS3,1.31
mb-expt-gap-4277,Y2Mo2O7,0.0
mb-expt-gap-4581,ZrInRh2,0.0
mb-expt-gap-0156,BPb7Br3O7,2.62
mb-expt-gap-1161,Dy2CdPd2,0.0
mb-expt-gap-1047,CsNbSe2O7,4.2
mb-expt-gap-2900,NbGaCo2,0.0
mb-expt-gap-2569,LuNiBC,0.0
mb-expt-gap-2416,LiBiS2,0.11
mb-expt-gap-0153,BP,4.2
mb-expt-gap-0354,BaBSbS4,2.34
mb-expt-gap-3203,Rb3Ag9(PS4)4,2.6
mb-expt-gap-1186,Dy7In(CoGe3)4,0.0
mb-expt-gap-0755,Ce2Se3,1.75
mb-expt-gap-2861,NaTi5Se8,0.0
mb-expt-gap-1667,HgBr2,3.59
mb-expt-gap-1206,DyNiSn,0.0
mb-expt-gap-3101,Pr2Ir2O7,0.0
mb-expt-gap-2865,NaZr2TiF11,0.0
mb-expt-gap-0562,Ca2ZnRh,0.0
mb-expt-gap-3371,Sc2CuRu,0.0
mb-expt-gap-2611,Mg3Al9FeSi5,0.0
mb-expt-gap-0566,Ca3Au4,0.0
mb-expt-gap-1927,K2S,2.1
mb-expt-gap-0965,Cs3PW3O13,3.27
mb-expt-gap-0615,CaNi5,0.0
mb-expt-gap-0388,BaNa2GeSe4,2.25
mb-expt-gap-0451,Bi1.4Sb0.6Te3,0.17
mb-expt-gap-0700,CdBiClO2,3.08
mb-expt-gap-0128,AsPRu,0.8
mb-expt-gap-2100,La2In,0.0
mb-expt-gap-3470,SiHg3,0.0
mb-expt-gap-1376,FeAg3(CN)6,0.0
mb-expt-gap-2331,Li3Ti3(PO4)4,0.0
mb-expt-gap-3721,SrPb3,0.0
mb-expt-gap-1151,Dy(InS2)3,1.22
mb-expt-gap-2195,LaTaN2O,2.0
mb-expt-gap-2456,LiIn(IO3)4,4.27
mb-expt-gap-1629,HfAlPd2,0.0
mb-expt-gap-2700,MnBe2Co,0.0
mb-expt-gap-2500,LiSiRh2,0.0
mb-expt-gap-4184,UNiSn,0.0
mb-expt-gap-2736,Mo5As4,0.0
mb-expt-gap-3213,Rb3Sb,1.0
mb-expt-gap-3507,Sm2Sc3,2.3
mb-expt-gap-2838,NaIn(TeO3)2,4.0
mb-expt-gap-4420,YbSi2Ni,0.0
mb-expt-gap-2949,Nd4Mg3Co2,0.0
mb-expt-gap-2287,Li2ZnSnS4,2.87
mb-expt-gap-4470,Zn0.99Ga0.01P0.01Se0.99,2.6
mb-expt-gap-2308,Li3Fe2SbO6,0.0
mb-expt-gap-1184,Dy5Sn3,0.0
mb-expt-gap-4594,ZrSb,0.0
mb-expt-gap-2102,La2Nb2N2O5,0.0
mb-expt-gap-2729,MnSnRu2,0.0
mb-expt-gap-1428,Ga1.8Cu0.2Se2.8,1.86
mb-expt-gap-2026,KInS2,3.0
mb-expt-gap-1633,HfB4Ir3,0.0
mb-expt-gap-0351,BaAu2,0.0
mb-expt-gap-3110,Pr4Sb3,0.0
mb-expt-gap-0440,BeSiOs2,0.0
mb-expt-gap-1253,ErFeC2,0.0
mb-expt-gap-3144,PrNiGe2,0.0
mb-expt-gap-4433,Zn(CoO2)2,0.0
mb-expt-gap-3594,Sn0.1Te1Pb0.9,0.16
mb-expt-gap-4270,Y(TiGa2)2,0.0
mb-expt-gap-0195,Ba2DyInTe5,1.35
mb-expt-gap-2216,Li2(FeO2)5,0.0
mb-expt-gap-2858,NaSm(PS3)2,2.54
mb-expt-gap-3003,Ni2Mo3N,0.0
mb-expt-gap-2061,KTi5Se8,0.0
mb-expt-gap-1383,FeCoAs,0.0
mb-expt-gap-1691,Ho(SiPd)2,0.0
mb-expt-gap-1457,Ga2HgS4,2.79
mb-expt-gap-0611,CaIrO3,0.0
mb-expt-gap-4492,Zn3Cu10(TeO6)6,0.0
mb-expt-gap-2867,Nb(Cl2O)2,0.0
mb-expt-gap-4517,ZnSb3,0.0
mb-expt-gap-0563,Ca3(GaPt)2,0.0
mb-expt-gap-2437,LiEuH3,1.5
mb-expt-gap-1223,Er(ReO4)2,0.0
mb-expt-gap-4415,YbPr2CuS5,1.25
mb-expt-gap-4431,YbZnPt,0.0
mb-expt-gap-2885,Nb3Te,0.0
mb-expt-gap-1565,Ge0.1Pb0.9Se1,0.3
mb-expt-gap-0456,Bi12Rh12O41,0.0
mb-expt-gap-2921,Nd1.33Lu0.67S3,1.5
mb-expt-gap-0603,CaGe2,0.0
mb-expt-gap-0291,Ba3Sn0.87Bi2.13Se8,0.79
mb-expt-gap-4081,Tm(CuS)2,0.0
mb-expt-gap-0417,BaYb2O4,0.0
mb-expt-gap-1805,In1Sb0.6As0.4,0.13
mb-expt-gap-3898,ThAl3,0.0
mb-expt-gap-1385,FeCuTe2,0.16
mb-expt-gap-4379,Yb3Tc,0.0
mb-expt-gap-4276,Y2Ge5Ir3,0.0
mb-expt-gap-0470,Bi2Se3,0.35
mb-expt-gap-3093,Pr2Au,0.0
mb-expt-gap-3276,RbMn4Ga5Te12,1.53
mb-expt-gap-2337,Li4.5Al0.5Te1O6,4.9
mb-expt-gap-2748,Na2B6O9F2,7.33
mb-expt-gap-0584,Ca5Au2,0.0
mb-expt-gap-3711,SrLaMn2O6,0.0
mb-expt-gap-3303,RbZn4In5Se12,1.76
mb-expt-gap-2888,Nb40N21O16,0.0
mb-expt-gap-1427,Ga1.8Cu0.2S2.8,2.65
mb-expt-gap-3736,SrTlHg2,0.0
mb-expt-gap-2513,LiTm2Rh,0.0
mb-expt-gap-1558,Ge0.05Te0.95Pb0.95S0.05,0.4
mb-expt-gap-0519,CBr4,3.7
mb-expt-gap-2691,Mn3V2(SiO4)3,0.0
mb-expt-gap-0260,Ba3B1.5Sb0.5S6,3.01
mb-expt-gap-0251,Ba2YInTe5,1.36
mb-expt-gap-4465,Zn0.92Hg0.08Te1,1.9
mb-expt-gap-2309,Li3FeNi3O8,0.0
mb-expt-gap-1078,CsYbMnSe3,1.59
mb-expt-gap-0174,Ba1.88Ta15O32,0.13
mb-expt-gap-4364,Yb23Mg4Cu7,0.0
mb-expt-gap-0314,Ba4Nb14O23,0.0
mb-expt-gap-2890,Nb5Ga4,0.0
mb-expt-gap-1778,In0.99Ga0.01As0.99P0.01,0.3
mb-expt-gap-3882,TeWCl9,0.0
mb-expt-gap-4476,Zn0.9Hg0.1Se1,1.75
mb-expt-gap-0510,BiSBr,1.88
mb-expt-gap-4350,Yb(GaS2)2,2.3
mb-expt-gap-3226,Rb4Ti3S14,1.59
mb-expt-gap-4318,YMg4Cu,0.0
mb-expt-gap-3702,SrCuBi,0.0
mb-expt-gap-2844,NaInTe2,1.6
mb-expt-gap-4051,TlCr5Se7S,0.71
mb-expt-gap-4004,Tl16O15F17,0.0
mb-expt-gap-1862,InSiTe3,0.0
mb-expt-gap-3073,PmCdPd2,0.0
mb-expt-gap-2766,Na2In5Au6,0.0
mb-expt-gap-1817,In2Hg6(P2Cl3)3,3.13
mb-expt-gap-3681,Sr4Te3(ClO2)4,4.0
mb-expt-gap-1113,Cu4Pd,0.0
mb-expt-gap-0407,BaTe,3.4
mb-expt-gap-0931,Cs2MgSn3Se8,1.92
mb-expt-gap-2928,Nd2HfS5,0.7
mb-expt-gap-3755,Ta3B4,0.0
mb-expt-gap-0124,AsOsS,1.3
mb-expt-gap-0177,Ba14Na8CaN6,0.0
mb-expt-gap-1377,FeAgSe2,0.23
mb-expt-gap-3065,PdSe,0.2
mb-expt-gap-0485,Bi2Te2SO10,3.6
mb-expt-gap-4110,TmAs,1.18
mb-expt-gap-3019,NiGePt2,0.0
mb-expt-gap-4337,YVSeO10,2.7
mb-expt-gap-1486,GaBi25O39,2.99
mb-expt-gap-2800,Na4Eu(GeS3)2,2.15
mb-expt-gap-3792,Tb(Ni2P)2,0.0
mb-expt-gap-1566,Ge0.1Te1Pb0.9,0.35
mb-expt-gap-0402,BaSn2S5,2.35
mb-expt-gap-4523,ZnTc,2.37
mb-expt-gap-3162,Rb1.45Sb7.45Pb3.1Se15,0.45
mb-expt-gap-1809,In1Sb0.9As0.1,0.27
mb-expt-gap-3998,Tl(WO3)3,0.0
mb-expt-gap-0164,Ba(BRh)2,0.0
mb-expt-gap-1411,Ga1.01Sb0.99Te0.03,0.68
mb-expt-gap-2889,Nb4Co2PdSe12,0.0
mb-expt-gap-2960,NdB6,4.9
mb-expt-gap-3554,SmHgPd,0.0
mb-expt-gap-2745,Na11Ti20O40,0.0
mb-expt-gap-3807,Tb3Ge5,0.0
mb-expt-gap-1267,ErZn12,0.0
mb-expt-gap-3888,Th(MnGe)2,0.0
mb-expt-gap-3085,Pr(CoGe)2,0.0
mb-expt-gap-1871,K(CoSe)2,0.0
mb-expt-gap-1790,In1.85Cu0.15Se2.85,1.32
mb-expt-gap-2319,Li3Mn3WO8,0.0
mb-expt-gap-0278,Ba3In2(PO4)4,3.87
mb-expt-gap-2582,Mg(FeS2)2,0.0
mb-expt-gap-2984,NdO2,0.0
mb-expt-gap-2491,LiPm2Si,0.0
mb-expt-gap-3691,Sr8Al7,0.0
mb-expt-gap-3244,RbC8,0.0
mb-expt-gap-0646,Cd0.204Hg0.796Te1,0.06
mb-expt-gap-0735,Ce(SiAu)2,0.0
mb-expt-gap-0092,Al7(CN)3,0.0
mb-expt-gap-0789,CeAl3Ni2,0.0
mb-expt-gap-1931,K2SmP2S7,2.59
mb-expt-gap-2676,Mn2Hg5,0.0
mb-expt-gap-0136,Au3S,0.0
mb-expt-gap-3454,Si0.94Ge0.06,1.06
mb-expt-gap-1196,DyCd2,0.0
mb-expt-gap-0909,Cs2AgBiCl6,2.77
mb-expt-gap-2302,Li3CrCo3O8,0.0
mb-expt-gap-0281,Ba3MgTa2O9,4.28
mb-expt-gap-0630,CaZnSO,3.7
mb-expt-gap-1643,HfOs2,0.0
mb-expt-gap-1838,In5AgTe8,0.47
mb-expt-gap-4378,Yb3Sn13Rh4,0.0
mb-expt-gap-2045,KSb,0.9
mb-expt-gap-1905,K2Hg3(GeS4)2,2.64
mb-expt-gap-1361,Fe12As5,0.0
mb-expt-gap-3409,ScCuO2,3.3
mb-expt-gap-3180,Rb2Hg3(GeS4)2,2.8
mb-expt-gap-2170,LaGaS3,2.5
mb-expt-gap-0205,Ba2GaBiS5,2.38
mb-expt-gap-3944,Ti3Cu3O,0.0
mb-expt-gap-0139,B2O3,4.89
mb-expt-gap-2657,MgTl,0.0
mb-expt-gap-0642,Cd0.06In0.94Te0.06As0.94,0.68
mb-expt-gap-1701,Ho2HfS5,1.0
mb-expt-gap-3794,Tb10B7C10,0.0
mb-expt-gap-0401,BaSi2,1.3
mb-expt-gap-1246,ErB2Ir3,0.0
mb-expt-gap-2362,Li4Ni3BiO8,0.0
mb-expt-gap-4390,YbAl3,0.0
mb-expt-gap-1941,K2Zn(SnSe3)2,1.71
mb-expt-gap-2051,KSm2CuS4,2.17
mb-expt-gap-0580,Ca3Zr17O37,0.0
mb-expt-gap-2962,NdBi,0.0
mb-expt-gap-3346,Sb8I2O11,2.72
mb-expt-gap-2483,LiMo3O8,0.0
mb-expt-gap-3252,RbCu(SbS2)2,1.6
mb-expt-gap-3481,Sm(CuO2)2,0.0
mb-expt-gap-3770,TaF3,0.0
mb-expt-gap-4546,Zr3Ir,0.0
mb-expt-gap-2173,LaH2NO5,4.76
mb-expt-gap-3976,TiI,0.0
mb-expt-gap-3988,TiSe2,1.55
mb-expt-gap-2196,LaTb3,0.0
mb-expt-gap-1243,ErAgSn,0.0
mb-expt-gap-4019,Tl2Se,0.37
mb-expt-gap-0242,Ba2TbIrO6,0.0
mb-expt-gap-0100,AlAs,0.0
mb-expt-gap-3478,SiW3,0.0
mb-expt-gap-3146,PrP,0.0
mb-expt-gap-3661,Sr2ScSbO6,3.57
mb-expt-gap-1806,In1Sb0.7As0.3,0.16
mb-expt-gap-0816,CeOs2,0.0
mb-expt-gap-2187,LaRe2Ag,0.0
mb-expt-gap-1036,CsLiCO3,6.19
mb-expt-gap-3961,TiAuCl,0.0
mb-expt-gap-1807,In1Sb0.8As0.2,0.21
mb-expt-gap-1752,In0.01Te1Pb0.99,0.53
mb-expt-gap-3399,ScBIr3,0.0
mb-expt-gap-3672,Sr3Co2S2O5,0.0
mb-expt-gap-1777,In0.99Ga0.01As0.01P0.99,1.3
mb-expt-gap-0626,CaZn2,0.0
mb-expt-gap-2335,Li3VOF5,0.0
mb-expt-gap-3915,ThTeO,1.45
mb-expt-gap-2002,KC60,0.0
mb-expt-gap-3158,Pt3PbC,0.0
mb-expt-gap-0052,Al0.1Cd0.9Sb0.1Te0.9,1.36
mb-expt-gap-2098,La2GeSe5,1.24
mb-expt-gap-4139,U(CoGe)2,0.0
mb-expt-gap-4017,Tl2PAuS4,2.2
mb-expt-gap-4440,Zn0.01Ga0.99Sb0.99Te0.01,0.72
mb-expt-gap-3466,SiAu3,0.0
mb-expt-gap-1368,Fe3N,0.0
mb-expt-gap-1322,EuAl2O4,2.74
mb-expt-gap-0391,BaNaB5O9,4.78
mb-expt-gap-3343,Sb5IO7,1.95
mb-expt-gap-2685,Mn3Cr3(TeO8)2,0.0
mb-expt-gap-1936,K2TeI6,1.38
mb-expt-gap-0023,Ag9(PbO3)4,0.0
mb-expt-gap-1740,HoTiO3,0.0
mb-expt-gap-0444,Bi0.002Te0.003Pb0.999Se0.999,0.79
mb-expt-gap-4047,TlCr5(SeS3)2,0.94
mb-expt-gap-3357,SbSBr,2.17
mb-expt-gap-2558,LuAu,0.0
mb-expt-gap-0360,BaCuSbS3,2.0
mb-expt-gap-2254,Li2MnCu3O8,0.0
mb-expt-gap-0483,Bi2Te2.7Se0.3,0.2
mb-expt-gap-0154,BPb2ClO3,3.99
mb-expt-gap-1224,Er(SiPd)2,0.0
mb-expt-gap-2238,Li2Ga,0.0
mb-expt-gap-4275,Y2Ge2O7,0.0
mb-expt-gap-1518,Gd3.04Sc0.96S6,1.5
mb-expt-gap-4322,YMoClO4,3.82
mb-expt-gap-1734,HoNiGe,0.0
mb-expt-gap-3863,Te2Mo3Se4,0.0
mb-expt-gap-3157,Pt3Pb,0.0
mb-expt-gap-0719,CdPd,0.0
mb-expt-gap-0255,Ba2ZnSe3,2.75
mb-expt-gap-3797,Tb2C3,0.0
mb-expt-gap-2446,LiGaPt2,0.0
mb-expt-gap-3002,Ni2Ge,0.0
mb-expt-gap-2875,Nb2Tl3CuSe12,0.8
mb-expt-gap-2726,MnSe,2.5
mb-expt-gap-4166,U5Ge3,0.0
mb-expt-gap-3562,SmNi2B2C,0.0
mb-expt-gap-0438,BeS,4.17
mb-expt-gap-0054,Al0.2Ga0.8P1,2.3
mb-expt-gap-2708,MnGaNi2,0.0
mb-expt-gap-1550,Ge0.01Pb0.99Se1,0.27
mb-expt-gap-0695,CdAg,0.0
mb-expt-gap-3905,ThMn4(CuO4)3,0.0
mb-expt-gap-1043,CsMnSb,0.0
mb-expt-gap-2593,Mg2Ga,0.0
mb-expt-gap-2537,Lu2FeS4,0.0
mb-expt-gap-2230,Li2EuSn,0.0
mb-expt-gap-3783,Tb(CoB)2,0.0
mb-expt-gap-2352,Li4HgGe2S7,2.75
mb-expt-gap-2277,Li2Ti3FeO8,0.0
mb-expt-gap-1071,CsUCuS3,0.0
mb-expt-gap-3035,PH2NO2,0.0
mb-expt-gap-0731,Ce(InS2)3,1.11
mb-expt-gap-1500,Gd(CuTe)3,0.52
mb-expt-gap-3581,Sn0.03Te1Pb0.97,0.21
mb-expt-gap-1751,In0.01Ga0.99As1,1.4
mb-expt-gap-0475,Bi2Te0.45Se2.55,0.2
mb-expt-gap-1092,Cu23(Sb4S13)2,0.0
mb-expt-gap-0069,Al0.8Ga0.2P1,2.43
mb-expt-gap-0442,BeTcSe,0.0
mb-expt-gap-2273,Li2SnHgS4,2.32
mb-expt-gap-1234,Er2Te3,0.9
mb-expt-gap-3989,TiTc2Sb,0.0
mb-expt-gap-0386,BaMnO3,0.0
mb-expt-gap-0053,Al0.1In0.9P1,1.5
mb-expt-gap-2662,Mn(PbO2)2,1.5
mb-expt-gap-2064,KUCuSe3,0.0
mb-expt-gap-1079,CsZn2B3O7,5.69
mb-expt-gap-2687,Mn3NiN,0.0
mb-expt-gap-0852,CoGe,0.0
mb-expt-gap-2972,NdGaO3,0.0
mb-expt-gap-2541,Lu2Mo2C3,0.0
mb-expt-gap-3141,PrMgGa,0.0
mb-expt-gap-0271,Ba3Er2(PS4)4,3.3
mb-expt-gap-1672,HgOsPb2,0.0
mb-expt-gap-1918,K2NbCuS4,2.82
mb-expt-gap-1853,InHg7S6Cl5,2.54
mb-expt-gap-2178,LaInS2O,2.73
mb-expt-gap-2970,NdFeSi2,0.0
mb-expt-gap-1256,ErMg2,0.0
mb-expt-gap-1847,InBi2S4Br,1.5
mb-expt-gap-0503,BiIO3F2,3.97
mb-expt-gap-2828,NaCeS3,2.15
mb-expt-gap-1586,GePb2(SeO3)4,4.1
mb-expt-gap-1578,Ge3Bi3O10.5,3.3
mb-expt-gap-3036,PH6NO4,6.8
mb-expt-gap-4346,Yb(CuS)3,1.56
mb-expt-gap-0923,Cs2Ga2Se5,1.95
mb-expt-gap-1604,Hf2Ni,0.0
mb-expt-gap-0091,Al6Tc,0.0
mb-expt-gap-0029,AgBiPbS3,1.2
mb-expt-gap-3866,Te2Pd,1.8
mb-expt-gap-1369,Fe3Si,0.0
mb-expt-gap-1386,FeI2,5.15
mb-expt-gap-0616,CaOsO3,0.0
mb-expt-gap-1362,Fe2B(PO4)3,3.52
mb-expt-gap-4149,U2Cl5O2,0.0
mb-expt-gap-0707,CdCu2SnSe4,0.96
mb-expt-gap-4143,U(SiNi)2,0.0
mb-expt-gap-1323,EuAlO3,0.0
mb-expt-gap-1718,HoB2Rh3,0.0
mb-expt-gap-0435,BeO,10.39
mb-expt-gap-3737,SrUS2,0.0
mb-expt-gap-2976,NdInCu,0.0
mb-expt-gap-0500,BiBr3,2.66
mb-expt-gap-0200,Ba2FeMoO6,0.0
mb-expt-gap-2441,LiGa(GeSe3)2,2.64
mb-expt-gap-3102,Pr2S3,2.6
mb-expt-gap-4353,Yb(IO3)3,0.0
mb-expt-gap-3161,PtSe2,0.1
mb-expt-gap-2887,Nb3VS6,0.0
mb-expt-gap-4101,Tm2ZnOs,0.0
mb-expt-gap-2160,LaCdAg2,0.0
mb-expt-gap-0365,BaGa2GeS6,3.23
mb-expt-gap-1172,Dy2ZnIn,0.0
mb-expt-gap-2247,Li2In2SiSe6,2.54
mb-expt-gap-4052,TlCr5Se8,0.67
mb-expt-gap-0640,Cd0.05Ga0.95Sb0.95Te0.05,0.74
mb-expt-gap-2440,LiFe2(SiO4)2,0.0
mb-expt-gap-0033,AgBr,2.52
mb-expt-gap-2999,Ni(CN)2,2.0
mb-expt-gap-2054,KTa3(TeO6)2,4.06
mb-expt-gap-0342,Ba8Sn4S15,2.31
mb-expt-gap-1299,Eu2C(NO)2,0.0
mb-expt-gap-1301,Eu2Ga2GeS7,2.3
mb-expt-gap-3017,NiCO4,0.0
mb-expt-gap-4177,UGa2,0.0
mb-expt-gap-0706,CdCu2SnS4,1.37
mb-expt-gap-3415,ScNiSb,0.11
mb-expt-gap-1757,In0.2Ga0.8As0.2P0.8,2.15
mb-expt-gap-1903,K2Ge3(BO5)2,5.38
mb-expt-gap-0992,CsBiSe2,1.07
mb-expt-gap-4509,ZnCu3P3O13,0.0
mb-expt-gap-1163,Dy2MgIn,0.0
mb-expt-gap-0377,BaIn2(P2O7)2,3.97
mb-expt-gap-3991,TiTlPS5,1.3
mb-expt-gap-4435,Zn(FeN)2,0.0
mb-expt-gap-1068,CsTiCl3,0.0
mb-expt-gap-3965,TiCoGe,0.0
mb-expt-gap-3468,SiBi3O7,0.0
mb-expt-gap-3706,SrIn2Ir,0.0
mb-expt-gap-0073,Al10V,0.0
mb-expt-gap-3645,Sr(YbS2)2,0.0
mb-expt-gap-4158,U3Bi4,0.0
mb-expt-gap-2447,LiGaTe2,2.31
mb-expt-gap-0027,AgBi(PS3)2,1.7
mb-expt-gap-0832,CeZnPO,0.0
mb-expt-gap-3396,ScAg(PSe3)2,1.55
mb-expt-gap-4243,VP,0.0
mb-expt-gap-1008,CsErZnSe3,2.56
mb-expt-gap-3369,Sc2(PO4)3,0.0
mb-expt-gap-0476,Bi2Te0.4Se2.6,0.7
mb-expt-gap-3678,Sr3Se3ClO8,4.4
mb-expt-gap-4319,YMgAl,0.0
mb-expt-gap-1694,Ho10Si17,0.0
mb-expt-gap-3677,Sr3ScNiO6,0.0
mb-expt-gap-1947,K3Cr2(PS4)3,1.35
mb-expt-gap-2156,LaBPt3,0.0
mb-expt-gap-1590,GeTe2,0.3
mb-expt-gap-1497,GaTc2W,0.0
mb-expt-gap-2211,Li14Ti21O48,0.0
mb-expt-gap-1546,GdZnIn,0.0
mb-expt-gap-3712,SrLi2Sn,0.0
mb-expt-gap-0607,CaIn2Ir,0.0
mb-expt-gap-0439,BeSe,4.0
mb-expt-gap-0002,Ag(W3Br7)2,0.0
mb-expt-gap-0355,BaBiClO2,3.71
mb-expt-gap-2021,KHg,0.0
mb-expt-gap-2983,NdNiC2,0.0
mb-expt-gap-4033,Tl6Cu(TeO5)2,2.3
mb-expt-gap-0084,Al2Se3,3.1
mb-expt-gap-0970,Cs3V2Cl9,0.0
mb-expt-gap-4543,Zr3Ag,0.0
mb-expt-gap-3655,Sr2La2.58Bi5.42S14,1.0
mb-expt-gap-2505,LiTa3(BiO3)4,3.5
mb-expt-gap-0218,Ba2In2Se5,2.12
mb-expt-gap-2653,MgSnRh2,0.0
mb-expt-gap-1462,Ga2S3,2.8
mb-expt-gap-2163,LaCuSO,3.1
mb-expt-gap-1933,K2Sn3(SbS5)2,2.3
mb-expt-gap-2776,Na2Te,2.3
mb-expt-gap-3459,Si2Ni6B,0.0
mb-expt-gap-1844,InAgTe2,0.93
mb-expt-gap-1831,In3Sb,0.0
mb-expt-gap-1621,Hf5Sb3,0.0
mb-expt-gap-4208,V3Ag,0.0
mb-expt-gap-2149,La6Sb4(SO4)3,2.6
mb-expt-gap-4525,Zr(Fe2Si)2,0.0
mb-expt-gap-3090,Pr10Se14O,1.89
mb-expt-gap-3643,Sr(RuO3)2,0.0
mb-expt-gap-4387,YbAg2,0.0
mb-expt-gap-1153,Dy12Co7,0.0
mb-expt-gap-0621,CaTaNO2,2.4
mb-expt-gap-1700,Ho2GeS5,2.5
mb-expt-gap-1845,InAsI,0.41
mb-expt-gap-2897,NbCrW,0.0
mb-expt-gap-1622,Hf5Sb9,0.0
mb-expt-gap-1595,Hf(CuP)2,0.0
mb-expt-gap-3632,SnSb3(PO4)4,0.0
mb-expt-gap-3890,Th2CrN3,0.0
mb-expt-gap-3436,Si0.001Ge0.999,0.65
mb-expt-gap-3153,PrTlSe2,1.18
mb-expt-gap-0693,Cd6P7,0.85
mb-expt-gap-3505,Sm2RuAu,0.0
mb-expt-gap-3619,Sn5(BRh3)2,0.0
mb-expt-gap-3959,TiAlAu2,0.0
mb-expt-gap-3814,Tb5Tl3,0.0
mb-expt-gap-4203,V2Si2O7,0.0
mb-expt-gap-2713,MnInCu2,0.0
mb-expt-gap-3047,Pb1Se0.5S0.5,0.33
mb-expt-gap-0352,BaB6,2.64
mb-expt-gap-0324,Ba5Cd(Ga2Se5)3,2.6
mb-expt-gap-2217,Li2(LuGe)3,0.0
mb-expt-gap-0883,CrBi2I2O11,2.4
mb-expt-gap-2010,KCuPO4,0.0
mb-expt-gap-0826,CeSiIr,0.0
mb-expt-gap-1403,Ga1.001Sb0.999Se0.003,0.71
mb-expt-gap-1639,HfHg4(PCl3)2,3.26
mb-expt-gap-0068,Al0.7In0.3P1,2.3
mb-expt-gap-3353,SbPd3,0.0
mb-expt-gap-1722,HoCd3,0.0
mb-expt-gap-2743,Na10(Ga2Sn)3,0.0
mb-expt-gap-1662,Hg3Sb,0.0
mb-expt-gap-3631,SnS2,2.43
mb-expt-gap-2444,LiGaO2,5.6
mb-expt-gap-0870,Cr2NiS4,0.0
mb-expt-gap-4136,TmU2S3O2,0.0
mb-expt-gap-1281,Eu(InAs)2,0.0
mb-expt-gap-2735,Mo3Pd2N,0.0
mb-expt-gap-0749,Ce2Fe17,0.0
mb-expt-gap-0148,B6As,1.51
mb-expt-gap-3753,Ta2Tl4S11,1.26
mb-expt-gap-0419,BaZn(MoO2)4,0.0
mb-expt-gap-3412,ScHg,0.24
mb-expt-gap-0379,BaLa2CoS5,0.0
mb-expt-gap-1188,DyAgGe,0.0
mb-expt-gap-4045,TlCr5(Se3S)2,0.75
mb-expt-gap-4604,ZrW2,0.0
mb-expt-gap-0702,CdCl2,5.7
mb-expt-gap-1983,KAg2PS4,3.02
mb-expt-gap-1452,Ga2(TeO3)3,4.14
mb-expt-gap-2250,Li2MgHg,0.0
mb-expt-gap-2324,Li3Ni(SbO3)4,0.0
mb-expt-gap-2454,LiHoAu2,0.0
mb-expt-gap-2299,Li3Co4TeO8,0.0
mb-expt-gap-1645,HfS2,2.9
mb-expt-gap-0824,CeSi2Pt,0.0
mb-expt-gap-0368,BaGa4S7,3.54
mb-expt-gap-1128,CuBiSeO,0.82
mb-expt-gap-0026,AgAu3,0.0
mb-expt-gap-3072,PmCd3,0.0
mb-expt-gap-0820,CeSI,0.0
mb-expt-gap-1461,Ga2PbSe4,1.83
mb-expt-gap-4450,Zn0.4Hg0.6Se1,0.42
mb-expt-gap-0364,BaEu2Mn2O7,0.0
mb-expt-gap-0152,BMo,0.0
mb-expt-gap-2782,Na2UI6,0.0
mb-expt-gap-3117,PrAgAs2,0.0
mb-expt-gap-2988,NdSbPd,0.0
mb-expt-gap-0845,Co7Mo6,0.0
mb-expt-gap-0993,CsCaO3,0.0
mb-expt-gap-0273,Ba3Eu(PO4)3,4.09
mb-expt-gap-3629,SnPt3C,0.0
mb-expt-gap-2468,LiLu2Tc,0.0
mb-expt-gap-3150,PrSmO2,0.0
mb-expt-gap-0585,Ca5B3O9F,6.53
mb-expt-gap-1968,K4Ge(PSe3)4,2.0
mb-expt-gap-3052,Pb2SeN2O9,3.76
mb-expt-gap-2047,KSc(SeO3)2,5.4
mb-expt-gap-0987,CsAu,2.3
mb-expt-gap-0315,Ba4Sb3S8Cl,2.09
mb-expt-gap-1026,CsInS2,3.4
mb-expt-gap-3404,ScCdHg2,0.0
mb-expt-gap-1174,Dy3Al0.5Si1S7,2.22
mb-expt-gap-3493,Sm2AgRu,0.0
mb-expt-gap-2349,Li4Fe3NiO8,0.0
mb-expt-gap-2768,Na2Mo2Se2O11,3.1
mb-expt-gap-0310,Ba4Ge3Se9Cl2,1.89
mb-expt-gap-4542,Zr3(Cu2Si3)2,0.0
mb-expt-gap-3615,Sn3P3O13,0.0
mb-expt-gap-2884,Nb3Ru,0.0
mb-expt-gap-3480,Sm(CoSi)2,0.0
mb-expt-gap-4497,Zn6S5Cl2,2.71
mb-expt-gap-1842,InAg3,0.0
mb-expt-gap-1638,HfHg4(AsCl3)2,2.47
mb-expt-gap-3607,Sn1Se0.75S0.25,0.94
mb-expt-gap-1183,Dy5Pb3,0.0
mb-expt-gap-4532,Zr2(Co7B2)3,0.0
mb-expt-gap-2020,KH(CN2)3,0.0
mb-expt-gap-2062,KTm,0.0
mb-expt-gap-0146,B4W,0.0
mb-expt-gap-1879,K10Fe4Sn4S17,2.2
mb-expt-gap-3682,Sr4V2(Se2O7)3,2.66
mb-expt-gap-3837,TbSb2,0.0
mb-expt-gap-3694,SrAg,0.0
mb-expt-gap-1248,ErB6,3.5
mb-expt-gap-0921,Cs2DyCu3Te4,1.38
mb-expt-gap-1407,Ga1.005Sb0.995Se0.015,0.64
mb-expt-gap-2620,Mg3Sb2,0.8
mb-expt-gap-3413,ScIr,0.0
mb-expt-gap-0416,BaV2SeO8,2.13
mb-expt-gap-1951,K3LiNb6O15,0.0
mb-expt-gap-1930,K2Sm2Ti3O10,3.26
mb-expt-gap-3243,RbBr3,0.0
mb-expt-gap-0579,Ca3TlN,0.0
mb-expt-gap-1101,Cu2Sb,0.0
mb-expt-gap-1619,Hf5CuPb3,0.0
mb-expt-gap-1635,HfCo3B2,0.0
mb-expt-gap-4235,VFeSb,0.46
mb-expt-gap-4105,Tm4Sb2Se11.68,1.22
mb-expt-gap-2702,MnCoSi,0.0
mb-expt-gap-4244,VP4,0.0
mb-expt-gap-4103,Tm3GaC,0.0
mb-expt-gap-3018,NiGe,0.0
mb-expt-gap-1400,Ga0.95Hg0.05Sb0.95Te0.05,0.69
mb-expt-gap-3831,TbNi5,0.0
mb-expt-gap-0322,Ba5Al2Ge7,0.0
mb-expt-gap-0770,Ce3Ta(ClO2)3,0.0
mb-expt-gap-2891,Nb5Ge3,0.0
mb-expt-gap-3639,Sr(In4Rh)2,0.0
mb-expt-gap-0946,Cs2Te,3.5
mb-expt-gap-3575,SmTh3,0.0
mb-expt-gap-2605,Mg2Zr14O5,0.0
mb-expt-gap-0673,Cd1Se0.65S0.35,1.93
mb-expt-gap-4241,VNi5(PO4)6,0.0
mb-expt-gap-2590,Mg2CrN2,0.0
mb-expt-gap-0327,Ba5Ge3,0.0
mb-expt-gap-4036,TlAgSe2,0.72
mb-expt-gap-2338,Li4.5Cr0.5Te1O6,1.79
mb-expt-gap-4209,V3As2O9,0.76
mb-expt-gap-3668,Sr2ZnReO6,0.0
mb-expt-gap-4179,UGa5Ir,0.0
mb-expt-gap-4070,TlS,1.36
mb-expt-gap-2372,Li5Fe2Ni3O10,0.0
mb-expt-gap-1971,K4Hf3Se14,2.02
mb-expt-gap-1236,Er3SnC,0.0
mb-expt-gap-4069,TlPSe2,0.5
mb-expt-gap-1712,Ho4C7,0.0
mb-expt-gap-3094,Pr2CdSn,0.0
mb-expt-gap-2600,Mg2Si,2.27
mb-expt-gap-0262,Ba3BSbSe6,1.89
mb-expt-gap-0185,Ba2Cd(BO2)6,4.59
mb-expt-gap-3489,Sm(SiNi)2,0.0
mb-expt-gap-1949,K3Ga3Ge7Se20,2.23
mb-expt-gap-3024,NiTe,0.23
mb-expt-gap-1396,Ga0.005Te1Pb0.995,0.37
mb-expt-gap-2439,LiFe2(PO4)3,0.0
mb-expt-gap-2863,NaY(Te2O5)2,3.9
mb-expt-gap-2007,KCu2BiS3,1.29
mb-expt-gap-0723,CdSb4MoO10,3.4
mb-expt-gap-2394,Li8BiS6,0.0
mb-expt-gap-2032,KMo6S7,0.0
mb-expt-gap-1917,K2Mo2Se2O11,3.3
mb-expt-gap-3516,Sm3Al0.33Si1S7,2.26
mb-expt-gap-1618,Hf54Os17,0.0
mb-expt-gap-2589,Mg2Co,0.66
mb-expt-gap-3474,SiSb3,0.0
mb-expt-gap-1857,InPt3C,0.0
mb-expt-gap-2827,NaCeS2,0.0
mb-expt-gap-3457,Si0.9Ge0.1,1.04
mb-expt-gap-0280,Ba3La3(Cu3O7)2,1.8
mb-expt-gap-2169,LaGaO3,4.4
mb-expt-gap-1659,Hg3C,0.0
mb-expt-gap-2873,Nb2Pb2Se4O15,2.79
mb-expt-gap-4563,Zr7Sb4,0.0
mb-expt-gap-1826,In3Au10,0.0
mb-expt-gap-3717,SrN2,0.0
mb-expt-gap-3340,Sb2XeF14,0.0
mb-expt-gap-0258,Ba3(LiSn2)4,0.0
mb-expt-gap-1245,ErAlGe,0.0
mb-expt-gap-4148,U2AlCo3,0.0
mb-expt-gap-3578,Sn0.001Pb0.999Se1,0.24
mb-expt-gap-3521,Sm3Te4,0.51
mb-expt-gap-1442,Ga1As0.9P0.1,1.5
mb-expt-gap-1670,HgI,2.37
mb-expt-gap-2363,Li4Ti5Cr3O16,0.0
mb-expt-gap-3290,RbSbTe2,0.38
mb-expt-gap-3111,Pr4Te7,0.46
mb-expt-gap-2733,MnV(TeO4)2,1.9
mb-expt-gap-4548,Zr3O,0.2
mb-expt-gap-2059,KThCuS3,2.95
mb-expt-gap-1440,Ga1As0.8P0.2,1.62
mb-expt-gap-1924,K2RbSb,1.2
mb-expt-gap-1732,HoMgZn2,0.0
mb-expt-gap-0619,CaPrZn2,0.0
mb-expt-gap-4182,UHg3(TeCl3)2,2.6
mb-expt-gap-1060,CsScBr3,0.0
mb-expt-gap-3104,Pr2Te4O11,3.65
mb-expt-gap-1085,Cu0.5Ge1Pb1.75S4,1.48
mb-expt-gap-2615,Mg3Ge,0.0
mb-expt-gap-0726,Ce(BC)2,0.0
mb-expt-gap-4126,TmMgCd2,0.0
mb-expt-gap-0561,Ca2TlCd,0.0
mb-expt-gap-3164,Rb15Hg16,0.0
mb-expt-gap-1359,Fe(PdSe)2,0.0
mb-expt-gap-1064,CsTa3(SeO6)2,3.88
mb-expt-gap-1160,Dy2C,0.0
mb-expt-gap-0791,CeAlSi2,0.0
mb-expt-gap-0893,CrNi3,0.0
mb-expt-gap-4309,YCo2,0.0
mb-expt-gap-0469,Bi2SI2O11,3.74
mb-expt-gap-4050,TlCr5Se5S3,0.8
mb-expt-gap-1162,Dy2CuOs,0.0
mb-expt-gap-0211,Ba2GaSe4,1.63
mb-expt-gap-2413,LiBePt2,0.0
mb-expt-gap-0804,CeInIr,0.0
mb-expt-gap-3010,Ni3S4,0.0
mb-expt-gap-3128,PrErIn2,0.0
mb-expt-gap-2626,Mg5Tl2,0.0
mb-expt-gap-1329,EuCo8P5,0.0
mb-expt-gap-3710,SrLa3MnO8,0.0
mb-expt-gap-2749,Na2Be4B4O11,7.3
mb-expt-gap-0783,Ce8Sb2S15,1.99
mb-expt-gap-0206,Ba2GaBiSe5,2.21
mb-expt-gap-1855,InPS4,3.12
mb-expt-gap-2220,Li2B4O7,7.3
mb-expt-gap-3241,RbBi2,0.0
mb-expt-gap-2376,Li5Mn3(FeO5)2,0.0
mb-expt-gap-0339,Ba7Ru4Br2O15,0.0
mb-expt-gap-1480,GaAgGe5Se12,2.14
mb-expt-gap-3751,Ta2PtSe7,0.0
mb-expt-gap-4071,TlS2,1.8
mb-expt-gap-1293,Eu(TmSe2)2,1.8
mb-expt-gap-2608,Mg3(Ni10B3)2,0.0
mb-expt-gap-3485,Sm(InS2)3,1.18
mb-expt-gap-2371,Li5Cr2Ni5O12,0.0
mb-expt-gap-0048,Al0.01Ga0.99P1,2.27
mb-expt-gap-0385,BaMn4ZnO8,0.0
mb-expt-gap-0950,Cs2Ti(AgS2)2,2.44
mb-expt-gap-1447,Ga1Sb0.3As0.7,0.67
mb-expt-gap-0647,Cd0.23Hg0.77Te1,0.12
mb-expt-gap-4479,Zn2InCuSe4,1.1
mb-expt-gap-3835,TbPt,0.0
mb-expt-gap-4185,UO,1.5
mb-expt-gap-3328,RhSe2,0.6
mb-expt-gap-0397,BaPt5,0.0
mb-expt-gap-2992,NdSnRh,0.0
mb-expt-gap-3172,Rb2Cd3Se4,2.37
mb-expt-gap-2214,Li17Nb20O60,0.0
mb-expt-gap-3194,Rb2Te,4.5
mb-expt-gap-3269,RbIn4,0.0
mb-expt-gap-0664,Cd0.99Ga0.01Sb0.01Te0.99,1.35
mb-expt-gap-2116,La2VNiO6,0.45
mb-expt-gap-4197,V2Cd2Te2O11,2.48
mb-expt-gap-4214,V3CuO8,0.0
mb-expt-gap-2076,La(Ni2B)6,0.0
mb-expt-gap-3954,Ti5ZnO7,0.0
mb-expt-gap-0690,Cd4Sb2I3,1.83
mb-expt-gap-2476,LiMn4O8,0.0
mb-expt-gap-2628,MgAgAs,0.0
mb-expt-gap-0075,Al2(CuSe2)3,0.0
mb-expt-gap-1519,Gd3Al0.74Si0.7S7,2.34
mb-expt-gap-4572,ZrCrSi2,0.0
mb-expt-gap-1534,GdH2NO5,4.84
mb-expt-gap-2832,NaFe2(SiO3)4,0.0
mb-expt-gap-1271,Eu(BiTe2)2,0.44
mb-expt-gap-0130,AsRuS,1.2
mb-expt-gap-2672,Mn2CoGe,0.0
mb-expt-gap-0822,CeScO3,3.2
mb-expt-gap-3625,SnI2,2.4
mb-expt-gap-0620,CaSnO3,4.4
mb-expt-gap-2701,MnCdO2,0.0
mb-expt-gap-2015,KF,10.3
mb-expt-gap-1875,K0.8Sn2Hg1.2S8,2.78
mb-expt-gap-1058,CsSbTe2,0.43
mb-expt-gap-4595,ZrSbRu,0.0
mb-expt-gap-1286,Eu(MgBi)2,0.0
mb-expt-gap-4313,YErRh2,0.0
mb-expt-gap-2610,Mg32Al36Ag13,0.0
mb-expt-gap-4156,U2Ti,0.0
mb-expt-gap-2445,LiGaPd2,0.0
mb-expt-gap-3626,SnI4,2.38
mb-expt-gap-4555,Zr5Sn3,0.0
mb-expt-gap-0105,AlCu7O12,0.0
mb-expt-gap-4410,YbNd3,0.0
mb-expt-gap-0937,Cs2P2PdSe6,1.6
mb-expt-gap-4290,Y3Tm,0.0
mb-expt-gap-4026,Tl3Ir,0.0
mb-expt-gap-2298,Li3Co3SbO8,0.0
mb-expt-gap-2637,MgIn3,0.0
mb-expt-gap-1786,In1.65Cu0.35Se2.65,1.19
mb-expt-gap-1816,In2GeTe3,0.68
mb-expt-gap-4404,YbIn4Ni,0.0
mb-expt-gap-4215,V3Pb2Se5O18,3.14
mb-expt-gap-1038,CsLu7Se11,1.78
mb-expt-gap-2473,LiMgSnPd,0.0
mb-expt-gap-2263,Li2Ni3TeO8,0.0
mb-expt-gap-0536,Ca(SiPd)2,0.0
mb-expt-gap-1603,Hf2MnIr,0.0
mb-expt-gap-1995,KBaSbSe3,2.04
mb-expt-gap-1811,In2B(PO4)3,5.39
mb-expt-gap-2023,KHg2,0.0
mb-expt-gap-1217,DyZrSb,0.0
mb-expt-gap-2249,Li2LaTl,0.0
mb-expt-gap-3664,Sr2V2(SeO5)3,2.96
mb-expt-gap-4396,YbCe2CuS5,1.37
mb-expt-gap-2266,Li2PmGe,0.0
mb-expt-gap-2910,Nd(Al4Co)2,0.0
mb-expt-gap-1895,K2Cd3Te4,2.26
mb-expt-gap-0420,BaZn5,0.0
mb-expt-gap-1070,CsTm9(Cd2Se9)2,2.16
mb-expt-gap-3987,TiSe,0.0
mb-expt-gap-2325,Li3Ni2(GeO4)3,0.0
mb-expt-gap-3767,TaBe2,0.0
mb-expt-gap-2806,Na6CoSe4,0.0
mb-expt-gap-0631,Cd(GaS2)2,3.4
mb-expt-gap-4341,YZnBiO4,1.58
mb-expt-gap-1004,CsCu2AsS3,2.3
mb-expt-gap-1569,Ge0.2Te0.2Pb0.8Se0.8,0.36
mb-expt-gap-3887,Th(GePd)2,0.0
mb-expt-gap-4220,V4ZnO8,0.0
mb-expt-gap-0166,Ba(GaS2)2,4.13
mb-expt-gap-4317,YIn2Ni,0.0
mb-expt-gap-2210,Li13Ti22O48,0.0
mb-expt-gap-1265,ErTe,0.9
mb-expt-gap-1167,Dy2S3,2.91
mb-expt-gap-2155,LaB6,4.1
mb-expt-gap-3889,Th(SiRu)2,0.0
mb-expt-gap-3430,ScZn2,0.0
mb-expt-gap-1840,In5Se6,0.14
mb-expt-gap-3492,Sm2(SnSe3)3,0.7
mb-expt-gap-4507,ZnCu2SnSe4,1.44
mb-expt-gap-3317,ReO3,2.3
mb-expt-gap-4142,U(MnSi)2,0.0
mb-expt-gap-2556,LuAl2Pd5,0.0
mb-expt-gap-3684,Sr5Cd2Sb5F,0.0
mb-expt-gap-2448,LiGd5P2O13,3.73
mb-expt-gap-1938,K2Ti(CuS2)2,2.04
mb-expt-gap-0851,CoCu2Sn,0.0
mb-expt-gap-1333,EuCuSeO,0.0
mb-expt-gap-3438,Si0.0645Ge0.9355,1.04
mb-expt-gap-3962,TiBi25O39,3.1
mb-expt-gap-3041,PPdSe,0.15
mb-expt-gap-1699,Ho2Ge5Rh3,0.0
mb-expt-gap-1543,GdSe2,0.0
mb-expt-gap-2943,Nd3Ni13B2,0.0
mb-expt-gap-0163,Ba(AsRh)2,0.0
mb-expt-gap-1423,Ga1.65Cu0.35Se2.65,1.81
mb-expt-gap-3184,Rb2NaNiF6,0.0
mb-expt-gap-2647,MgSbF6,0.0
mb-expt-gap-1839,In5CuS8,1.34
mb-expt-gap-1663,Hg5AsS2I3,1.57
mb-expt-gap-3628,SnO2,3.6
mb-expt-gap-0179,Ba2B4H2O9,5.12
mb-expt-gap-0378,BaIn2Ir,0.0
mb-expt-gap-1232,Er2Se3,1.66
mb-expt-gap-2385,Li6Mn5CoO12,0.0
mb-expt-gap-4162,U3Se4,0.0
mb-expt-gap-2991,NdSn2,0.0
mb-expt-gap-3259,RbEuO2,0.0
mb-expt-gap-2360,Li4NbNi3O8,0.0
mb-expt-gap-3945,Ti3Fe3O,0.0
mb-expt-gap-2181,LaMg3,0.0
mb-expt-gap-0496,Bi8Te7S5,0.4
mb-expt-gap-4044,TlCoMo2,0.0
mb-expt-gap-4564,ZrAl5Ni2,0.0
mb-expt-gap-0591,CaAgF5,0.0
mb-expt-gap-1438,Ga1As0.6P0.4,1.91
mb-expt-gap-1632,HfB,0.0
mb-expt-gap-0964,Cs3Nb9(TeO8)4,3.22
mb-expt-gap-3012,Ni4(BiO2)9,0.0
mb-expt-gap-1464,Ga2Si(AgS3)2,2.35
mb-expt-gap-2922,Nd10Se14O,1.98
mb-expt-gap-4534,Zr2Co12P7,0.0
mb-expt-gap-2329,Li3Si3Ag2,0.0
mb-expt-gap-4494,Zn3P2,1.15
mb-expt-gap-1810,In2As2Cl2O5,4.62
mb-expt-gap-3206,Rb3Bi2Br9,2.62
mb-expt-gap-2390,Li7Ca8Nb12O40,0.0
mb-expt-gap-3356,SbRuSe,0.9
mb-expt-gap-1870,IrSeS,1.2
mb-expt-gap-0836,Co2B4Mo,0.0
mb-expt-gap-1900,K2Gd2Sb2Se9,1.33
mb-expt-gap-4183,UHg4(AsCl3)2,1.9
mb-expt-gap-0194,Ba2DyInSe5,2.27
mb-expt-gap-1211,DySn3,0.0
mb-expt-gap-3696,SrB2,0.0
mb-expt-gap-4311,YCu3(WO3)4,0.0
mb-expt-gap-2785,Na2Zn(GeSe3)2,2.36
mb-expt-gap-3331,Ru3Cl,0.0
mb-expt-gap-0135,AsSeI,1.76
mb-expt-gap-4347,Yb(CuSe)3,0.2
mb-expt-gap-1768,In0.4Ga1.6Cu1S3.5,2.15
mb-expt-gap-2423,LiCd2Rh,0.0
mb-expt-gap-1125,CuBiPbS3,0.12
mb-expt-gap-1996,KBi2,0.0
mb-expt-gap-1607,Hf2S,0.0
mb-expt-gap-0990,CsBi3Se5,0.43
mb-expt-gap-1801,In1Sb0.2As0.8,0.12
mb-expt-gap-2190,LaScSi,0.0
mb-expt-gap-0828,CeTaN2O,1.9
mb-expt-gap-3873,Te4MoW3S4,0.0
mb-expt-gap-1328,EuClO,0.0
mb-expt-gap-0099,AlAgTe2,1.8
mb-expt-gap-2421,LiCa3As2H,1.4
mb-expt-gap-4289,Y3Si3Pd2,0.0
mb-expt-gap-3718,SrNi2(PO4)2,0.0
mb-expt-gap-3475,SiSe2,1.72
mb-expt-gap-1509,Gd2AlCo2,0.0
mb-expt-gap-0413,BaTl(MoO3)2,0.0
mb-expt-gap-0304,Ba4Ga4SnSe12,2.16
mb-expt-gap-4556,Zr5Sn4,0.0
mb-expt-gap-0781,Ce5Si3,0.0
mb-expt-gap-0849,CoAsS,0.6
mb-expt-gap-2793,Na3Re,0.0
mb-expt-gap-4599,ZrSiTe,0.0
mb-expt-gap-3494,Sm2AlCd,0.0
mb-expt-gap-0917,Cs2Cd3Te4,2.48
mb-expt-gap-0533,Ca(NdS2)2,2.7
mb-expt-gap-1915,K2Mn3S4,0.0
mb-expt-gap-2399,Li8Ti16CuS32,0.0
mb-expt-gap-0667,Cd12Ge17(B4O29)2,4.29
mb-expt-gap-3786,Tb(CuTe)3,0.46
mb-expt-gap-3946,Ti3PO7,0.0
mb-expt-gap-0728,Ce(CoB)4,0.0
mb-expt-gap-2436,LiErAu2,0.0
mb-expt-gap-1228,Er2Fe14B,0.0
mb-expt-gap-3726,SrSbAu,0.0
mb-expt-gap-1741,HoTiSi,0.0
mb-expt-gap-2492,LiPr2Ru,0.0
mb-expt-gap-1692,Ho(SiPt)2,0.0
mb-expt-gap-1577,Ge2Sb2Te5,0.5
mb-expt-gap-1834,In4Cu2Te7,1.1
mb-expt-gap-4296,Y6Zn(SiS7)2,2.38
mb-expt-gap-4477,Zn0.9Hg0.1Te1,1.74
mb-expt-gap-0346,BaAgSbS3,2.2
mb-expt-gap-1296,Eu1.75Ag0.5Ge1S4,2.14
mb-expt-gap-1897,K2Dy2Ti3O10,3.38
mb-expt-gap-1242,Er6MnBi2,0.0
mb-expt-gap-1791,In1.8Cu0.2Se2.8,1.26
mb-expt-gap-3512,Sm2TlZn,0.0
mb-expt-gap-4002,Tl0.04Te1Pb0.96,0.57
mb-expt-gap-1793,In1.9Cu0.1Se2.9,1.45
mb-expt-gap-1613,Hf3P3Pd4,0.0
mb-expt-gap-3309,Re3As7,0.0
mb-expt-gap-3752,Ta2TiN3,0.0
mb-expt-gap-1772,In0.72Ga0.28As1,0.55
mb-expt-gap-1106,Cu3Bi6S10I,0.72
mb-expt-gap-4114,TmBPd3,0.0
mb-expt-gap-2347,Li4Cu(PO4)2,0.0
mb-expt-gap-0479,Bi2Te1.2Se1.8,0.28
mb-expt-gap-2563,LuGaRh2,0.0
mb-expt-gap-2692,Mn5As4,0.0
mb-expt-gap-3498,Sm2IO2,0.0
mb-expt-gap-1077,CsYbCoSe3,0.95
mb-expt-gap-4164,U4Re7Si6,0.0
mb-expt-gap-0063,Al0.5Ga0.5As1,2.12
mb-expt-gap-4080,Tm(CuGe)2,0.0
mb-expt-gap-0161,BTe2As,0.0
mb-expt-gap-1344,EuS,1.65
mb-expt-gap-0857,CoP2,0.35
mb-expt-gap-1393,FeSn,0.0
mb-expt-gap-2524,LiZnBO3,3.1
mb-expt-gap-0082,Al2Ru,0.0
mb-expt-gap-3449,Si0.458Ge0.542,2.24
mb-expt-gap-2860,NaTa3,0.0
mb-expt-gap-4003,Tl0.07Te1Pb0.93,0.54
mb-expt-gap-1107,Cu3Hg2(Te3O8)2,2.56
mb-expt-gap-0039,AgP15,1.47
mb-expt-gap-3057,Pd(IO3)2,1.31
mb-expt-gap-3315,ReF6,0.0
mb-expt-gap-0013,Ag3AsO4,0.0
mb-expt-gap-0080,Al2Cu,0.0
mb-expt-gap-0945,Cs2Sn3(SbS5)2,2.34
mb-expt-gap-0095,Al9Rh2,0.0
mb-expt-gap-3806,Tb3FeB7,0.0
mb-expt-gap-2618,Mg3Rh,0.0
mb-expt-gap-4279,Y2ReB6,0.0
mb-expt-gap-0717,CdO,2.3
mb-expt-gap-1563,Ge0.15Te1Pb0.85,0.36
mb-expt-gap-3805,Tb3(MnC3)2,0.0
mb-expt-gap-4526,Zr(Ni2P)2,0.0
mb-expt-gap-1475,Ga5Ge(PbSe3)4,1.91
mb-expt-gap-4443,Zn0.1Ga0.9Sb0.9Te0.1,1.0
mb-expt-gap-2842,NaInSe2,2.8
mb-expt-gap-3904,ThIr5,0.0
mb-expt-gap-4365,Yb2Ce8O19,0.0
mb-expt-gap-4355,Yb(MnAs)2,0.0
mb-expt-gap-4471,Zn0.99Ga0.01Sb0.01Te0.99,2.1
mb-expt-gap-1190,DyAs,1.0
mb-expt-gap-0860,CoSb2,0.17
mb-expt-gap-2072,KZrPSe6,2.0
mb-expt-gap-3964,TiC,0.0
mb-expt-gap-2105,La2PC,0.0
mb-expt-gap-1170,Dy2Ti3Si4,0.0
mb-expt-gap-3627,SnO,3.0
mb-expt-gap-3795,Tb11S16,0.0
mb-expt-gap-4354,Yb(InS2)3,1.31
mb-expt-gap-4524,ZnWO2,0.0
mb-expt-gap-3049,Pb1Se0.99S0.01,0.26
mb-expt-gap-4042,TlCdS2,1.5
mb-expt-gap-4329,YSi2,0.0
mb-expt-gap-1775,In0.8Ga0.2As0.8P0.2,0.85
mb-expt-gap-0181,Ba2B6O11,5.17
mb-expt-gap-3334,RuSe2,1.0
mb-expt-gap-0275,Ba3Gd2(PS4)4,3.41
mb-expt-gap-1375,Fe9Co7,0.0
mb-expt-gap-3518,Sm3B(SO)3,2.5
mb-expt-gap-2773,Na2Se,2.0
mb-expt-gap-1528,GdB(SbO4)2,3.48
mb-expt-gap-1278,Eu(GaSe2)2,2.16
mb-expt-gap-3880,TePd,0.0
mb-expt-gap-4530,Zr1.33Ta0.67N2.61O0.42,1.93
mb-expt-gap-1655,Hg2Sb2O7,0.0
mb-expt-gap-0943,Cs2SiB4O9,6.53
mb-expt-gap-3251,RbCd4In5Se12,1.57
mb-expt-gap-3510,Sm2Tl,0.0
mb-expt-gap-0761,Ce3AlC,0.0
mb-expt-gap-0404,BaSnO3,3.1
mb-expt-gap-4133,TmSnRu2,0.0
mb-expt-gap-4483,Zn2Sb3O8,0.0
mb-expt-gap-2307,Li3Fe(SbO3)4,0.0
mb-expt-gap-1413,Ga1.02Sb0.98Te0.06,0.68
mb-expt-gap-3504,Sm2Pd2Pb,0.0
mb-expt-gap-0537,Ca(SmS2)2,2.05
mb-expt-gap-0142,B3Pb10Br3O13,3.25
mb-expt-gap-4015,Tl2Mo7O22,0.0
mb-expt-gap-4171,UAu2,0.0
mb-expt-gap-4023,Tl2TeS3,1.6
mb-expt-gap-2239,Li2Ga(GeSe3)2,2.64
mb-expt-gap-2269,Li2PtO3,2.3
mb-expt-gap-1244,ErAl9(Fe2Si3)2,0.0
mb-expt-gap-0094,Al9Ir2,0.0
mb-expt-gap-1100,Cu2PHO5,0.0
mb-expt-gap-0459,Bi2(MoO4)3,2.9
mb-expt-gap-1467,Ga3CuTe5,1.09
mb-expt-gap-4104,Tm4In(NiGe2)2,0.0
mb-expt-gap-1146,Dy(CoGe)2,0.0
mb-expt-gap-3246,RbCd(BO2)3,4.2
mb-expt-gap-3555,SmHoHg2,0.0
mb-expt-gap-0668,Cd13I28,0.0
mb-expt-gap-0498,BiAs2Os,0.0
mb-expt-gap-2623,Mg5As,0.0
mb-expt-gap-1980,K9Bi13S24,1.4
mb-expt-gap-3637,Sr(CoP)2,0.0
mb-expt-gap-3511,Sm2TlHg,0.0
mb-expt-gap-3997,Tl(MoSe)3,0.0
mb-expt-gap-4090,Tm2CuTc,0.0
mb-expt-gap-2905,NbRu2Cl,0.0
mb-expt-gap-2151,La8Sb2S15,2.3
mb-expt-gap-0840,Co3H,0.0
mb-expt-gap-2143,La4InSbS9,2.07
mb-expt-gap-2460,LiInSe2,2.83
mb-expt-gap-2457,LiIn2Rh,0.0
mb-expt-gap-1001,CsCeCdSe3,2.4
mb-expt-gap-0967,Cs3Sb2Br9,2.3
mb-expt-gap-1201,DyInCu2,0.0
mb-expt-gap-3697,SrB6,3.68
mb-expt-gap-2974,NdIn5Rh,0.0
mb-expt-gap-4219,V3SiNi2,0.0
mb-expt-gap-0587,Ca5Sb3,0.0
mb-expt-gap-2530,Lu2AgAu,0.0
mb-expt-gap-3234,Rb9Bi13S24,1.3
mb-expt-gap-2060,KTi2F7,6.4
mb-expt-gap-4187,UP2S7,1.41
mb-expt-gap-3927,Ti2C,0.0
mb-expt-gap-4028,Tl3Si,0.0
mb-expt-gap-0144,B4C,1.64
mb-expt-gap-4247,VSb,0.0
mb-expt-gap-1129,CuCN2,0.0
mb-expt-gap-3170,Rb2Cd3(B4O7)4,4.76
mb-expt-gap-1953,K3Nb2AsSe11,1.53
mb-expt-gap-0282,Ba3N2,0.0
mb-expt-gap-0744,Ce2Al2Co15,0.0
mb-expt-gap-3585,Sn0.07Pb0.93Se1,0.08
mb-expt-gap-0065,Al0.6Ga0.4P1,2.4
mb-expt-gap-0641,Cd0.05In0.95Te0.05As0.95,0.68
mb-expt-gap-2353,Li4MgNi3O8,0.0
mb-expt-gap-0995,CsCd4Ga5Se12,2.21
mb-expt-gap-0187,Ba2CeInTe5,1.35
mb-expt-gap-3273,RbInSnS4,2.7
mb-expt-gap-4407,YbMgPd,0.0
mb-expt-gap-0312,Ba4InCuSe6,2.23
mb-expt-gap-2346,Li4CrO5,0.0
mb-expt-gap-2512,LiTlPd2,0.0
mb-expt-gap-4377,Yb3Al5O12,0.0
mb-expt-gap-1374,Fe6W6C,0.0
mb-expt-gap-0657,Cd0.5In2.25Ag0.25Te4,0.39
mb-expt-gap-0966,Cs3Sb,1.6
mb-expt-gap-2125,La3CuGeSe7,2.0
mb-expt-gap-3874,TeAs,0.74
mb-expt-gap-2725,MnSbRh2,0.0
mb-expt-gap-2894,Nb6VSb3O25,3.2
mb-expt-gap-3009,Ni3Pt,0.0
mb-expt-gap-4362,Yb16S29,0.0
mb-expt-gap-3393,Sc7CI12,0.0
mb-expt-gap-1668,HgBrCl,3.4
mb-expt-gap-1990,KAsSe2,1.62
mb-expt-gap-3651,Sr2Cu(ClO)2,0.0
mb-expt-gap-3597,Sn0.25Te1Pb0.75,0.04
mb-expt-gap-1298,Eu2(Ga3Rh)3,0.0
mb-expt-gap-0670,Cd1Se0.2S0.8,2.23
mb-expt-gap-2255,Li2MnGeS4,3.06
mb-expt-gap-1005,CsCu2SbS3,1.63
mb-expt-gap-4592,ZrRu3C,0.0
mb-expt-gap-2458,LiInAg2,0.0
mb-expt-gap-4196,V2Bi4O11,2.0
mb-expt-gap-3642,Sr(PrS2)2,2.7
mb-expt-gap-4082,Tm(CuTe)3,0.14
mb-expt-gap-3293,RbTbSe2,2.5
mb-expt-gap-0186,Ba2Ce2O5,0.0
mb-expt-gap-3923,Ti2AlV,0.0
mb-expt-gap-3660,Sr2Pr2Pt1O7.07,3.05
mb-expt-gap-4316,YHg2,0.0
mb-expt-gap-0403,BaSn3,0.0
mb-expt-gap-2106,La2PI2,0.0
mb-expt-gap-0017,Ag7(SI)2,0.0
mb-expt-gap-2218,Li2(NiO2)3,0.0
mb-expt-gap-4320,YMgCu4,0.0
mb-expt-gap-0101,AlB2,0.0
mb-expt-gap-2411,LiB3,2.0
mb-expt-gap-1689,Ho(SbO3)2,0.0
mb-expt-gap-4118,TmCu4Ag,0.0
mb-expt-gap-4413,YbPmPt2,0.0
mb-expt-gap-1828,In3CuS5,1.2
mb-expt-gap-1010,CsF,10.0
mb-expt-gap-2576,LuSiIr,0.0
mb-expt-gap-1429,Ga1.95Cu0.05S2.95,2.64
mb-expt-gap-2242,Li2HgGe,0.93
mb-expt-gap-0201,Ba2FeReO6,0.0
mb-expt-gap-3921,Ti1C0.9,0.3
mb-expt-gap-4473,Zn0.9Ga0.1As0.1Se0.9,2.34
mb-expt-gap-0746,Ce2CrN3,0.0
mb-expt-gap-2651,MgSi7Ir3,0.0
mb-expt-gap-4198,V2GaSn2,0.0
mb-expt-gap-3274,RbInTe3O8,3.9
mb-expt-gap-1505,Gd1.47Mn2.04In0.49S5,1.75
mb-expt-gap-4031,Tl4In3GaS8,2.63
mb-expt-gap-2930,Nd2Ni7P4,0.0
mb-expt-gap-0771,Ce3TaO7,0.0
mb-expt-gap-3217,Rb3Ta2AsS11,2.21
mb-expt-gap-1280,Eu(HoSe2)2,1.8
mb-expt-gap-2895,NbAg2(PS4)2,2.02
mb-expt-gap-0214,Ba2GdInSe5,2.24
mb-expt-gap-3490,Sm1.82Lu2.18Se6,1.51
mb-expt-gap-0308,Ba4Ga5Si18,0.31
mb-expt-gap-1311,Eu3BWO9,0.0
mb-expt-gap-2030,KLiCO3,6.32
mb-expt-gap-4529,Zr1.33Ta0.67N1.97O1.38,2.31
mb-expt-gap-0175,Ba12In4S19,2.56
mb-expt-gap-0390,BaNa2SnSe4,2.46
mb-expt-gap-4034,Tl8Os8O27,0.0
mb-expt-gap-2427,LiCo7O7F,0.0
mb-expt-gap-4194,V12P7,0.0
mb-expt-gap-2367,Li4WO5,0.0
mb-expt-gap-1709,Ho3Ni19B10,0.0
mb-expt-gap-2831,NaF,10.5
mb-expt-gap-1835,In4S5,0.9
mb-expt-gap-3922,Ti20(Sb3Se)3,0.0
mb-expt-gap-2799,Na4Al4Si19,0.64
mb-expt-gap-1795,In11Cu9Se20,0.0
mb-expt-gap-1210,DySiIr,0.0
mb-expt-gap-1040,CsMn4Ga5Te12,1.55
mb-expt-gap-2732,MnTePd,0.0
mb-expt-gap-1390,FePS,0.25
mb-expt-gap-1391,FePd3,0.0
mb-expt-gap-3649,Sr2Co2O5,0.0
mb-expt-gap-2538,Lu2InHg,0.0
mb-expt-gap-1342,EuPd,0.0
mb-expt-gap-0103,AlCoO3,0.0
mb-expt-gap-2738,MoSe2,1.6
mb-expt-gap-4416,YbRh2,0.0
mb-expt-gap-0137,AuBrO2,0.0
mb-expt-gap-1944,K3B6ClO10,6.89
mb-expt-gap-1919,K2NbCuSe4,2.14
mb-expt-gap-3640,Sr(LaS2)2,2.85
mb-expt-gap-1837,In5AgS8,1.76
mb-expt-gap-1906,K2Hg3Se1.31S2.69,2.28
mb-expt-gap-2487,LiNiP2O7,0.0
mb-expt-gap-0757,Ce2Ti2O7,0.0
mb-expt-gap-2334,Li3V4NiO12,0.0
mb-expt-gap-2306,Li3Fe(CoO2)4,0.0
mb-expt-gap-1158,Dy2(MoO4)3,1.92
mb-expt-gap-2850,NaNb2PS10,1.72
mb-expt-gap-0756,Ce2SiSeO4,0.0
mb-expt-gap-3565,SmP,1.09
mb-expt-gap-0294,Ba3Ta5NO14,2.8
mb-expt-gap-2705,MnF2,9.9
mb-expt-gap-3295,RbTmO3,0.0
mb-expt-gap-3576,SmTmZn2,0.0
mb-expt-gap-3584,Sn0.06Te1Pb0.94,0.28
mb-expt-gap-3733,SrTe,3.73
mb-expt-gap-2253,Li2MnCo3O8,0.0
mb-expt-gap-4352,Yb(HO)3,0.0
mb-expt-gap-3262,RbGaSnSe4,1.88
mb-expt-gap-1601,Hf2Ge,0.0
mb-expt-gap-1913,K2La2Ti3O10,3.05
mb-expt-gap-2157,LaBeB3O7,5.65
mb-expt-gap-1970,K4GeSe4,0.64
mb-expt-gap-4544,Zr3Al2,0.0
mb-expt-gap-2896,NbCrN,0.0
mb-expt-gap-2989,NdScGe,0.0
mb-expt-gap-2756,Na2Ga2SnS6,2.2
mb-expt-gap-3352,SbPbIO2,2.48
mb-expt-gap-1208,DyRh,0.0
mb-expt-gap-2554,Lu7(TePd)2,0.0
mb-expt-gap-1350,EuSeClO3,0.0
mb-expt-gap-1658,Hg3Bi2(TeCl4)2,2.8
mb-expt-gap-0864,Cr10Sb3Te7,0.0
mb-expt-gap-2323,Li3Mo2P5O18,0.0
mb-expt-gap-1683,Ho(CuO2)2,0.0
mb-expt-gap-3506,Sm2S3,2.96
mb-expt-gap-0518,BiTeNO6,3.62
mb-expt-gap-0363,BaDy2CuO5,0.0
mb-expt-gap-1292,Eu(SbSe2)2,0.95
mb-expt-gap-2946,Nd4(GeS4)3,2.62
mb-expt-gap-2013,KEuAsS4,1.89
mb-expt-gap-3071,Pm3I,0.0
mb-expt-gap-2636,MgF2,11.1
mb-expt-gap-2113,La2TiCoO6,1.02
mb-expt-gap-3848,Tc3Pd,0.0
mb-expt-gap-1142,CuSbS2,1.38
mb-expt-gap-1015,CsGdO3,0.0
mb-expt-gap-3641,Sr(NdS2)2,2.45
mb-expt-gap-0320,Ba5(Ga2Se5)2,2.2
mb-expt-gap-1814,In2Cu1S3.5,1.43
mb-expt-gap-4539,Zr2Se,0.0
mb-expt-gap-1716,HoAlAu2,0.0
mb-expt-gap-3918,Ti10O11,0.0
mb-expt-gap-4447,Zn0.2Hg0.8Te1,0.07
mb-expt-gap-2706,MnFeAs,0.0
mb-expt-gap-3955,Ti6H2O13,3.4
mb-expt-gap-3595,Sn0.23Te1Pb0.77,0.04
mb-expt-gap-4046,TlCr5(SeS)4,0.85
mb-expt-gap-0881,CrAs,0.0
mb-expt-gap-3603,Sn0.99Te1Pb0.01,0.26
mb-expt-gap-1176,Dy3GaS6,2.81
mb-expt-gap-1156,Dy1Te1.7,0.35
mb-expt-gap-0980,Cs5P5Se12,2.17
mb-expt-gap-2256,Li2MnNi3O8,0.0
mb-expt-gap-2699,MnAs,0.0
mb-expt-gap-2144,La4InSbSe9,1.76
mb-expt-gap-0423,BaZnSiSe4,2.71
mb-expt-gap-0889,CrFeP,0.0
mb-expt-gap-0737,Ce(SiPd)2,0.0
mb-expt-gap-1397,Ga0.01Te1Pb0.99,0.42
mb-expt-gap-2778,Na2TeSe3,1.87
mb-expt-gap-2109,La2Rh7,0.0
mb-expt-gap-4559,Zr6NiCl15,0.0
mb-expt-gap-2490,LiPm2Ir,0.0
mb-expt-gap-3086,Pr(FeSi)2,0.0
mb-expt-gap-4428,YbTlSe2,0.0
mb-expt-gap-2233,Li2Fe3NiO8,0.0
mb-expt-gap-3501,Sm2Mn3(SbS3)4,1.5
mb-expt-gap-1921,K2Nd2Ti3O10,3.25
mb-expt-gap-3592,Sn0.17Pb0.83Se1,0.04
mb-expt-gap-3646,Sr0.5Ta1O3,3.7
mb-expt-gap-2812,Na8NbO6,0.0
mb-expt-gap-0532,Ca(MnAs)2,0.0
mb-expt-gap-1583,GeI2,1.5
mb-expt-gap-0998,CsCd4In5Te12,1.42
mb-expt-gap-3423,ScSnPd,0.0
mb-expt-gap-2208,Li12Fe5O16,0.0
mb-expt-gap-4449,Zn0.42Ga0.58As0.58Se0.42,1.67
mb-expt-gap-3859,Te0.99Pb1Se0.01,0.3
mb-expt-gap-3994,TiV4CuO12,0.0
mb-expt-gap-1907,K2Hg3Se2.97S1.03,2.11
mb-expt-gap-1095,Cu2H3ClO3,0.0
mb-expt-gap-4072,TlSbSe2,0.82
mb-expt-gap-2409,LiAlRh2,0.0
mb-expt-gap-2341,Li4.5Mn0.5Te1O6,1.97
mb-expt-gap-1119,Cu8O,0.0
mb-expt-gap-3378,Sc2TlTc,0.0
mb-expt-gap-1568,Ge0.2Pb0.8Se1,0.35
mb-expt-gap-0428,Be3N2,3.8
mb-expt-gap-3214,Rb3Sb2Br9,2.48
mb-expt-gap-1173,Dy3(CuGe)4,0.0
mb-expt-gap-1496,GaTc,1.42
mb-expt-gap-2898,NbCu3Se4,2.45
mb-expt-gap-2627,Mg9CuO10,0.0
mb-expt-gap-0734,Ce(PPt2)2,0.0
mb-expt-gap-0786,CeAgSn,0.0
mb-expt-gap-1713,Ho4Ga16Co3,0.0
mb-expt-gap-0604,CaHfZn,0.0
mb-expt-gap-3832,TbNiGe2,0.0
mb-expt-gap-3082,Pr(BRu)2,0.0
mb-expt-gap-1235,Er3Al3NiGe2,0.0
mb-expt-gap-0111,AlNi2,0.0
mb-expt-gap-1353,EuSnO3,0.0
mb-expt-gap-4280,Y2Ru2O7,0.0
mb-expt-gap-1108,Cu3Pd,0.0
mb-expt-gap-1802,In1Sb0.3As0.7,0.11
mb-expt-gap-2146,La5In3(S3O)3,2.6
mb-expt-gap-2668,Mn15Si26,0.7
mb-expt-gap-0299,Ba3YIr2O9,0.0
mb-expt-gap-4218,V3Si,0.0
mb-expt-gap-1547,Ge(Bi3O5)4,3.25
mb-expt-gap-1738,HoTh3,0.0
mb-expt-gap-4018,Tl2S,1.0
mb-expt-gap-2300,Li3Cr(NiO2)4,0.0
mb-expt-gap-0006,Ag2BiO3,0.0
mb-expt-gap-0311,Ba4InAgSe6,2.41
mb-expt-gap-3739,SrZnSO,3.1
mb-expt-gap-3354,SbPt3,0.0
mb-expt-gap-2765,Na2In4Se6S,1.92
mb-expt-gap-2869,Nb2(CoO3)3,0.0
mb-expt-gap-3075,PmGaAu2,0.0
mb-expt-gap-0986,CsAgSb4S7,2.04
mb-expt-gap-1585,GeP,0.95
mb-expt-gap-4429,YbWClO4,4.23
mb-expt-gap-0326,Ba5Ga6SnP12,1.21
mb-expt-gap-2226,Li2CrCuO4,0.0
mb-expt-gap-1922,K2PAuS4,2.63
mb-expt-gap-2760,Na2Hg3Se1.49S2.51,2.03
mb-expt-gap-0228,Ba2NdInTe5,1.37
mb-expt-gap-3042,PRuS,1.4
mb-expt-gap-3611,Sn2SbS2I3,1.5
mb-expt-gap-2003,KCd4Ga5Se12,2.16
mb-expt-gap-2112,La2Sn5Rh3,0.0
mb-expt-gap-0632,Cd(In15Te23)2,1.17
mb-expt-gap-3008,Ni3Ge,0.0
mb-expt-gap-2496,LiSbTe2,0.13
mb-expt-gap-2035,KNb3(SeO6)2,3.46
mb-expt-gap-1979,K8N3O,0.0
mb-expt-gap-3069,Pm2NiRh,0.0
mb-expt-gap-2635,MgCuSn,0.0
mb-expt-gap-3793,Tb0.52Pr2.48Ga1.67S7,2.61
mb-expt-gap-0736,Ce(SiNi)2,0.0
mb-expt-gap-0290,Ba3Sn(SbSe4)2,0.97
mb-expt-gap-3897,ThAl,0.0
mb-expt-gap-0415,BaUSe3,1.0
mb-expt-gap-3854,Te0.4Se0.6,1.2
mb-expt-gap-1760,In0.3Ga0.7As0.3P0.7,2.05
mb-expt-gap-1326,EuBiW2O9,3.63
mb-expt-gap-1339,EuNiGe3,0.0
mb-expt-gap-1372,Fe4Si2Sn7O16,0.0
mb-expt-gap-0676,Cd2InAgTe3,0.47
mb-expt-gap-4297,YAgO3,0.0
mb-expt-gap-1858,InSb2S4Br,1.8
mb-expt-gap-2654,MgTe,3.6
mb-expt-gap-4427,YbTlS2,0.0
mb-expt-gap-2516,LiV2NiO6,0.0
mb-expt-gap-3079,PmMgRh2,0.0
mb-expt-gap-3139,PrLuSe3,1.56
mb-expt-gap-4345,Yb(AlSi)2,0.0
mb-expt-gap-0983,CsAg2TeS6,2.04
mb-expt-gap-4021,Tl2TeBr6,2.06
mb-expt-gap-0014,Ag3Pd,0.0
mb-expt-gap-2507,LiTaRh2,0.0
mb-expt-gap-2719,MnP2,0.0
mb-expt-gap-1120,Cu9O13,0.0
mb-expt-gap-1774,In0.8Ga0.2As0.2P0.8,1.4
mb-expt-gap-0217,Ba2In2S5,2.47
mb-expt-gap-1205,DyNiGe2,0.0
mb-expt-gap-3179,Rb2Hg(PSe3)2,2.32
mb-expt-gap-4561,Zr6Sb2Pt,0.0
mb-expt-gap-2718,MnO2,1.3
mb-expt-gap-3476,SiSn,0.59
mb-expt-gap-3177,Rb2FeI4,0.0
mb-expt-gap-4201,V2Pb4(Se2O7)3,3.37
mb-expt-gap-3560,SmMg3,0.0
mb-expt-gap-3070,Pm2PtAu,0.0
mb-expt-gap-3289,RbSbSe2,1.62
mb-expt-gap-3822,TbGa,0.0
mb-expt-gap-2536,Lu2Fe2Si2C,0.0
mb-expt-gap-4160,U3Nb,0.0
mb-expt-gap-2284,Li2YbPb,0.0
mb-expt-gap-3106,Pr3Cd,0.0
mb-expt-gap-3245,RbCaBO3,3.67
mb-expt-gap-4255,W3O7F,0.0
mb-expt-gap-2847,NaLaS3,2.61
mb-expt-gap-3757,Ta4AlC3,0.0
mb-expt-gap-2484,LiMoIO6,2.8
mb-expt-gap-1441,Ga1As0.99P0.01,1.37
mb-expt-gap-0677,Cd2InCuTe3,0.7
mb-expt-gap-2792,Na3MoO4F,4.77
mb-expt-gap-1111,Cu4As2O9,0.0
mb-expt-gap-1597,Hf(VH2)2,0.0
mb-expt-gap-2539,Lu2MgHg,0.0
mb-expt-gap-4259,Y(AlSi)2,0.0
mb-expt-gap-0336,Ba7(SnS3)5,2.29
mb-expt-gap-2469,LiMg2Ag,0.0
mb-expt-gap-0332,Ba6Al4B14O33,3.44
mb-expt-gap-1116,Cu5(Si2O7)2,0.0
mb-expt-gap-2815,NaAlGeS4,3.6
mb-expt-gap-3933,Ti2NiH,0.0
mb-expt-gap-3865,Te2Os,0.3
mb-expt-gap-1069,CsTiF4,0.0
mb-expt-gap-2597,Mg2MnN2,0.0
mb-expt-gap-0582,Ca4Bi6O13,2.76
mb-expt-gap-2027,KInSe2,2.68
mb-expt-gap-0057,Al0.3Ga0.7As1,1.81
mb-expt-gap-3442,Si0.12Ge0.88,0.84
mb-expt-gap-3311,Re3P4,0.0
mb-expt-gap-0359,BaCu2SnSe4,0.48
mb-expt-gap-2417,LiCa2Ga,0.0
mb-expt-gap-0696,CdAg2(PS3)2,2.49
mb-expt-gap-1037,CsLu7S11,1.86
mb-expt-gap-4227,VAg2I3O11,2.16
mb-expt-gap-1112,Cu4H10SO12,0.0
mb-expt-gap-1529,GdB6,3.6
mb-expt-gap-2260,Li2NdAs2,0.0
mb-expt-gap-2120,La2ZrS5,2.01
mb-expt-gap-2643,MgPb3,0.0
mb-expt-gap-2138,La4Cd4In2S13,2.27
mb-expt-gap-1338,EuN,1.25
mb-expt-gap-1470,Ga4Cu2Te7,1.08
mb-expt-gap-2835,NaH3(SeO3)2,4.9
mb-expt-gap-2274,Li2SnIr,0.0
mb-expt-gap-2282,Li2V3CrO8,0.0
mb-expt-gap-3122,PrB6,4.9
mb-expt-gap-2084,La16Mn15O48,0.0
mb-expt-gap-0104,AlCu3,0.0
mb-expt-gap-0576,Ca3SbN,0.0
mb-expt-gap-2810,Na8(CuO2)5,0.0
mb-expt-gap-3499,Sm2In,0.0
mb-expt-gap-3258,RbCuSnSe3,1.04
mb-expt-gap-3121,PrB4,0.0
mb-expt-gap-4150,U2Cr30P19,0.0
mb-expt-gap-4516,ZnSb2MoO7,3.3
mb-expt-gap-3270,RbIn5S6,2.5
mb-expt-gap-3063,PdS,0.5
mb-expt-gap-0226,Ba2NdGaSe5,2.18
mb-expt-gap-1199,DyGe,0.0
mb-expt-gap-1212,DySnRu2,0.0
mb-expt-gap-2016,KFe2BiO5,1.76
mb-expt-gap-1653,HfZnNi2,0.0
mb-expt-gap-1787,In1.6Cu0.4Se2.6,1.32
mb-expt-gap-0061,Al0.4Ga0.6P1,2.35
mb-expt-gap-4436,Zn(GaSe2)2,1.72
mb-expt-gap-3818,TbBe13,0.0
mb-expt-gap-3190,Rb2SCl6F,0.0
mb-expt-gap-3147,PrSb,0.66
mb-expt-gap-0129,AsPd3Pb2,0.0
mb-expt-gap-0543,Ca2CdAs2,0.95
mb-expt-gap-2425,LiCl,9.33
mb-expt-gap-0787,CeAl2Pd5,0.0
mb-expt-gap-3827,TbIn2Ni,0.0
mb-expt-gap-2171,LaGeI,0.0
mb-expt-gap-0884,CrCo2Bi,0.0
mb-expt-gap-2772,Na2SO4,0.0
mb-expt-gap-2294,Li3Bi,0.7
mb-expt-gap-0035,AgCl,5.13
mb-expt-gap-0207,Ba2GaBiTe5,1.43
mb-expt-gap-1213,DyYAg2,0.0
mb-expt-gap-4049,TlCr5Se3S5,0.89
mb-expt-gap-2665,Mn(SbSe2)2,0.31
mb-expt-gap-0249,Ba2YGaTe5,1.08
mb-expt-gap-0788,CeAl2Pt3,0.0
mb-expt-gap-3768,TaCoSn2,0.0
mb-expt-gap-0056,Al0.35Ga0.65As1,2.0
mb-expt-gap-3422,ScSi3Ni,0.0
mb-expt-gap-0827,CeSiOs,0.0
mb-expt-gap-0685,Cd3Sb2,0.3
mb-expt-gap-3590,Sn0.15Pb0.85Se1,0.13
mb-expt-gap-0564,Ca3Al2Ge3,0.0
mb-expt-gap-4351,Yb(GaSe2)2,1.8
mb-expt-gap-1406,Ga1.002Sb0.998Te0.006,0.7
mb-expt-gap-0049,Al0.01In0.99P1,1.3
mb-expt-gap-3076,PmHgAu2,0.0
mb-expt-gap-1181,Dy4Sb3,0.0
mb-expt-gap-4094,Tm2MgRu,0.0
mb-expt-gap-3791,Tb(MnGe)6,0.0
mb-expt-gap-2205,Li0.33Ti0.67Ag1O2,2.7
mb-expt-gap-1832,In4As5(BrO4)3,4.22
mb-expt-gap-3100,Pr2InPd2,0.0
mb-expt-gap-2264,Li2Ni5(PO4)4,0.0
mb-expt-gap-2853,NaSb(PS3)2,2.17
mb-expt-gap-2271,Li2SiHgS4,2.68
mb-expt-gap-2580,Mg(CoS2)2,0.0
mb-expt-gap-2401,Li9Fe3(WO4)7,0.0
mb-expt-gap-0389,BaNa2SnS4,3.27
mb-expt-gap-0345,BaAg2,0.0
mb-expt-gap-0798,CeCdAu2,0.0
mb-expt-gap-2297,Li3Co2(GeO4)3,0.0
mb-expt-gap-1027,CsInSe2,2.81
mb-expt-gap-2674,Mn2GaW,0.0
mb-expt-gap-3182,Rb2Mo9Se10,0.0
mb-expt-gap-0953,Cs2ZnGe3S8,3.33
mb-expt-gap-0059,Al0.45Cd0.55Sb0.45Te0.55,1.93
mb-expt-gap-2450,LiH3(SeO3)2,4.9
mb-expt-gap-2786,Na2Zn(SnS3)2,2.93
mb-expt-gap-2031,KLu,0.0
mb-expt-gap-2562,LuCdAg2,0.0
mb-expt-gap-0494,Bi5IO7,2.76
mb-expt-gap-1405,Ga1.002Sb0.998Se0.006,0.7
mb-expt-gap-4574,ZrGe2,0.0
mb-expt-gap-2478,LiMnCoO4,0.0
mb-expt-gap-1200,DyInAu,0.0
mb-expt-gap-2305,Li3Dy,0.0
mb-expt-gap-3462,Si2Ru,0.0
mb-expt-gap-1596,Hf(VGa2)2,0.0
mb-expt-gap-3971,TiFe2Sb,0.0
mb-expt-gap-0042,AgPt3,0.0
mb-expt-gap-0958,Cs3As,0.6
mb-expt-gap-4487,Zn3(BO3)2,2.6
mb-expt-gap-3683,Sr5Bi3,0.0
mb-expt-gap-1263,ErSiPd,0.0
mb-expt-gap-0589,Ca6Ag16N,0.0
mb-expt-gap-1515,Gd2Zn17,0.0
mb-expt-gap-3130,PrFeGe2,0.0
mb-expt-gap-2069,KYb2F7,0.0
mb-expt-gap-1520,Gd3Al7Ag2,0.0
mb-expt-gap-0924,Cs2Hg(ICl)2,2.15
mb-expt-gap-0112,AlPd5I2,0.0
mb-expt-gap-1727,HoGeAu,0.0
mb-expt-gap-1634,HfC,0.0
mb-expt-gap-1799,In1Sb0.01As0.99,0.17
mb-expt-gap-3533,SmAs,1.03
mb-expt-gap-3467,SiB3,2.0
mb-expt-gap-4493,Zn3N2,0.0
mb-expt-gap-2876,Nb2Tl4S11,1.8
mb-expt-gap-1974,K6CdTe4,2.51
mb-expt-gap-0930,Cs2MgGe3Se8,2.04
mb-expt-gap-3277,RbMn4In5Se12,1.76
mb-expt-gap-4571,ZrCd,0.0
mb-expt-gap-1678,HgTe,0.15
mb-expt-gap-2422,LiCaO3,0.0
mb-expt-gap-4307,YCdPd2,0.0
mb-expt-gap-3033,P2Se3,2.4
mb-expt-gap-1149,Dy(CuTe)3,0.34
mb-expt-gap-3903,ThHg2,0.0
mb-expt-gap-4441,Zn0.05Ga0.95Sb0.95Te0.05,0.85
mb-expt-gap-1414,Ga1.05Sb0.95Se0.15,0.66
mb-expt-gap-3143,PrMoO4F,3.64
mb-expt-gap-3215,Rb3Sb2I9,1.94
mb-expt-gap-1818,In2HgS4,2.0
mb-expt-gap-2784,Na2VCuF7,0.0
mb-expt-gap-0361,BaCuSbSe3,1.6
mb-expt-gap-0929,Cs2Li3(BO2)5,7.3
mb-expt-gap-3956,Ti9O10,0.0
mb-expt-gap-3716,SrMnGe,0.0
mb-expt-gap-1432,Ga1.9Cu0.1S2.9,2.6
mb-expt-gap-1644,HfPt,0.0
mb-expt-gap-3867,Te2Pd3,0.0
mb-expt-gap-4392,YbB2Rh3,0.0
mb-expt-gap-3819,TbCl,0.0
mb-expt-gap-2839,NaIn3S5,2.18
mb-expt-gap-1335,EuGe3Pt,0.0
mb-expt-gap-3704,SrIn2,0.0
mb-expt-gap-0482,Bi2Te2.4Se0.6,0.25
mb-expt-gap-2378,Li5Mn6(BO3)6,0.0
mb-expt-gap-1780,In0.9Ga0.1As0.9P0.1,0.45
mb-expt-gap-1327,EuCd11,0.0
mb-expt-gap-2503,LiSn4Ir,0.0
mb-expt-gap-4030,Tl4CuTeO6,2.2
mb-expt-gap-1104,Cu3(BiI4)4,0.0
mb-expt-gap-3219,Rb3Zn(BO2)5,2.66
mb-expt-gap-0454,Bi1.98Sb0.02Te3,0.14
mb-expt-gap-4568,ZrAu4,0.0
mb-expt-gap-1676,HgRhO3,0.0
mb-expt-gap-2014,KEuS2,0.0
mb-expt-gap-1122,Cu9Se4(Cl3O7)2,0.0
mb-expt-gap-0264,Ba3Bi2TeO9,2.3
mb-expt-gap-1966,K4Ce3Sn3S14,2.46
mb-expt-gap-3154,PrTmTl2,0.0
mb-expt-gap-1485,GaBi,0.1
mb-expt-gap-0215,Ba2GdInTe5,1.36
